transaction_amount_usd,account_balance,transaction_count_recv,unique_incoming_address
144937.98613965858,389.30591628557363,2,2
233949.395368576,509.390567544364,1,1
9001.4470263438,472.01891695836395,0,0
32932.927619657996,337.92386089123005,0,0
24281.8083309648,235.55518459525672,0,0
2050.770609552,225.52717656325672,0,0
10996.1219924895,167.7657820352567,0,0
11371.3097009095,116.98929609471018,0,0
117052.03712074019,547.0155303747102,1,1
51543.6501627224,285.4216930147102,0,0
137549.776035191,471.94802899167854,1,1
7645.2330263012,422.7356285536785,0,0
33406.6903406346,246.86352608236047,0,0
20766.4630722963,155.39473807836686,0,0
123541.52370192399,519.8935967073045,1,1
22670.608269301203,419.7155301473045,0,0
115049.1653557161,444.31287438048855,1,1
31571.353818181098,307.3178695724885,0,0
180468.2771155184,516.8820244203667,1,1
16685.587948398,442.8613613357524,0,0
17993.7307176598,354.46369337852576,0,0
10122.4034422592,304.557351679338,0,0
185299.7719943916,391.35610738422497,1,1
39262.6935043116,185.94079056653783,0,0
160624.1831654416,406.71016974720743,1,1
41320.8131964158,196.7064202918831,0,0
185929.6851778545,273.16666839957,1,1
202272.908976252,377.72975026490167,1,1
158061.3322067388,653.0400351171184,1,1
78119.06069939739,304.85244288125404,0,0
212110.839315968,345.590389423254,6,4
359491.5939325429,325.116848519488,2,2
753097.2306222712,778.4489313915553,4,2
900138.5762662062,1045.5811494005552,5,3
1493585.13913552,644.2254411658957,5,2
3625529.4739465364,2243.23354900286,29,24
3639904.863333812,1154.0167472426642,16,11
5234840.217490699,2499.6948140614327,24,20
3677884.597954556,1868.2642743505326,43,42
3934566.716208546,3788.321442071313,58,58
9811872.055741502,7117.872282312353,166,155
11708212.3249853,7517.255065241,418,399
5447249.622417766,4797.497500012609,170,170
5524363.668115362,3720.368696576095,87,87
10138271.82122415,7916.860975889065,483,453
5596150.031660325,5157.586202267794,395,395
7857799.148115081,5723.597621680504,342,342
14256018.034995688,10749.92414315051,401,387
13422894.143356208,7266.842590694905,308,307
12903933.817347124,7877.979287445742,514,487
14847738.201911783,7107.240989679611,401,385
30148948.33540599,13483.022446161192,1601,1578
19121190.40074531,21577.467864003956,991,990
9791069.503745822,12514.346396692714,214,214
10358937.225671444,12687.854676126015,457,434
12034266.216235865,11621.002480429754,1099,1082
16850224.139717203,6057.613521159973,504,503
14355470.16655948,11778.359970756228,1282,1249
11066918.567924436,14361.951348746139,500,500
7439895.676601084,7887.404559963967,199,199
17826783.758232232,16955.549901935876,1368,1323
16962606.439089887,7946.097342861515,2122,2093
14255434.960661873,14363.345303058757,1171,1095
15205808.576810272,8493.647278805163,888,809
12588074.334488824,15091.97029793013,2869,2812
17985394.519682292,23006.127548469827,843,808
5526911.089230303,11936.791647850703,118,118
7165103.067842178,12164.717287580408,300,279
3807959.166175694,5498.790719561303,144,144
6933112.119706253,10050.701846666148,1113,1099
3851252.535760085,9926.88513916005,212,212
3648477.4701403957,8370.86079570757,250,240
5368982.871022754,3688.257419094628,760,749
3842857.3557702675,4119.229489626529,333,316
2151121.061708144,1494.9599662958399,79,79
3867084.666338675,7999.894295703935,1173,1169
2993836.2980907876,4576.964178638513,1000,1000
2660475.8471909673,7595.314175742719,1000,1000
784896.9938203678,4549.715473713614,0,0
754989.0394380048,4715.134516580572,0,0
4517382.7317674095,11399.263837488015,280,280
994033.08334728,7881.02206185892,0,0
1270155.631109669,3572.9672069786125,0,0
4878682.157631753,5462.685980136299,122,122
6866413.189679944,9685.920409784372,188,188
7125711.784311481,14538.53414229791,189,189
6698375.769407668,3416.9809348276813,77,77
9383386.532265807,2827.4405880831882,241,225
9679887.00936101,4916.136897510644,491,468
12048107.08836259,5995.780955138682,830,793
12509367.209070625,5544.023901962646,363,362
11471118.464161422,7397.841692521374,321,296
8150676.902302428,13632.265746798908,515,507
7426639.437331087,7660.900516014235,209,204
5280356.927036902,6818.892390159394,167,167
9486644.278073886,3726.0328676792883,886,886
9781807.375625778,6131.249167192063,470,458
7394622.816601552,2236.398650578742,289,289
12334137.081290193,8897.58428890454,417,388
10015361.059855852,5035.629309868816,313,301
14582805.44693016,3851.4930386929486,672,652
10791663.124636648,8515.762948147858,350,350
10144090.270570012,9403.063827163729,304,303
7809094.429811456,8646.687848898298,250,250
8470879.136938702,13302.057235455648,324,324
5005716.097877223,6613.452289521874,77,77
9587206.973142691,9290.977527774014,443,443
7629268.32857474,1280.0450056845891,71,71
11629436.039859217,6514.6464888967685,492,470
6796666.216713832,7430.30066873876,606,592
7760402.818440405,3010.5947863014444,644,640
9628801.278632976,2442.2995789876904,536,523
9677306.923601383,5823.831663090839,375,359
7890043.264620857,6842.745048099734,446,424
11690400.2207816,11201.356235923708,1225,1201
3965944.2804659833,3709.9675615491938,49,49
9849609.320313428,7513.220059119325,440,419
8419848.00981412,6023.798574780695,125,124
7483239.858201449,2463.944936762777,233,228
12831423.434449172,6247.734503509244,964,926
13566586.472143404,5512.1473110367215,655,630
15515891.610383265,8216.59891801645,822,763
8458304.780469822,8048.632054238107,382,363
9800695.67666843,6284.922011229553,207,197
14776424.621603275,7583.787815119008,1792,1752
11043703.185703713,4752.644263986818,725,701
18846132.14591469,6767.94098953211,1420,1354
20296978.042764615,6751.6682273920105,421,368
19052382.23260104,4827.821443634428,409,376
15222942.781507552,6476.566429681245,548,522
25601487.566187944,8836.948886300304,829,750
26241561.70594475,17407.5193717649,1593,1546
24276832.079382867,17909.37990426043,658,588
25126933.72185508,14515.263311828105,286,277
32425714.31128646,13508.339733046574,721,642
30832352.3744102,15588.565826932801,1838,1755
22491024.538880266,22750.796024192274,656,608
15111021.388088457,16348.647741757415,106,98
27885625.375986297,12701.511900420614,411,386
33171312.40879972,13264.414906020413,794,703
37784141.01447441,7336.905681928801,825,755
45374147.10318812,8330.893360900878,901,820
54675827.1229988,17250.395242065053,1239,1141
34710202.54691669,14644.382148150107,662,630
34540826.53480143,21313.86721440983,1451,1407
45464540.76812794,14673.154015161557,1312,1256
60034609.45473278,22996.79919088756,3247,3130
49374259.56692902,10540.512228171496,1552,1480
44563323.102013014,22247.8924381853,1756,1714
35214598.09917855,17966.265523306178,1119,1099
36571160.73195696,17097.099445313834,1529,1486
79854282.93039885,109913.31750187166,14412,14372
42603212.55089472,104855.62697871517,2377,2276
49832874.70075361,25280.251999181717,3102,2921
74744175.59957346,18.454525813721958,4194,3973
128092812.87804566,65587.2987023362,2847,2781
66210596.88636532,62515.6717974302,4133,4086
61619493.14483069,76457.0678789928,2922,2782
43477013.14236656,66005.48469886293,2194,2099
47698857.29800436,21489.80845169148,1564,1433
148329006.89967877,111466.63634307329,6348,5444
124994067.97370704,114985.85393306575,4326,3693
326244844.7017193,57211.48928520438,7282,6042
208877665.67421106,68853.25502398705,2566,2266
124082886.44907305,44427.15764115835,2389,2208
136180140.94138595,40268.51182264088,3238,2821
233219942.45208538,100348.80936092537,7606,6698
309815968.7196832,95976.9410148177,9390,7952
364293183.3603523,91629.05796919225,10791,9941
254534554.9549426,108105.14402783447,8796,7582
367091202.76825774,230540.7152568635,61689,60007
195894555.12741065,169891.76907268024,25630,24352
146056642.8041772,216797.96000890573,8174,6887
175484653.03329384,179873.0608335755,7458,5890
175645522.44183087,135939.2851427947,8202,7044
172776265.10000888,93635.2260495933,9053,8057
262516622.3001028,107699.3554332873,17887,16667
245572421.83250952,111130.50586003625,46232,44392
554520382.8459687,276615.28043143754,45000,42994
182688375.34423015,249598.66563779116,11880,10533
323335605.1397374,305157.5129914448,25098,23267
288721676.5352276,288798.15806063294,17118,14857
318637149.7278747,89657.54317226078,22614,20478
699105310.0839761,400898.55404007225,52218,49153
341141975.3861303,410964.61253718386,26501,24455
311862914.48838323,333284.1646131991,19612,18638
942118318.2847271,314300.2460957868,20391,18564
1078524539.1270056,345735.7221191666,21232,19185
1033748656.559863,493171.41495950404,43373,41366
894692038.2448097,500863.1634114475,20019,17980
1118635347.9374537,526259.8762672232,28883,27508
657830525.6687194,466791.0448071911,15211,14389
616126538.430965,420147.36225918005,14289,13568
453817951.75547224,363803.19933663635,6918,6266
828753967.53523,423413.5802317653,110818,110216
672222672.7030125,370158.74972351105,77055,75767
1159927718.9593017,576802.8564009345,88195,87098
651229206.9376153,599311.5062795936,90196,89040
403798122.2594438,334199.4652798212,43806,43561
432912898.9315314,201436.10982143917,1286,1092
1386713022.5449502,829692.337789869,167518,164689
466944644.6137391,381718.7034413305,20862,18972
401134552.5820021,774763.7725209862,20400,18967
440691790.9965785,315327.84995714866,18299,16748
521989777.9692971,297299.9895484752,13753,12347
941118922.8004279,915034.1850662827,46580,44594
453281736.8645431,918736.5407236543,39011,37309
526439613.001221,399897.27324965276,15950,13877
548425266.4477075,376716.7655147086,15078,13473
522694716.55523473,871412.1032254824,18159,16177
445890054.08824396,329639.6905948938,18946,17417
576161226.4320687,332500.8661548141,22231,19786
471951753.6491064,851832.1886179459,30884,28070
313939082.8569668,822117.1962601808,16087,14834
222958324.89437538,804038.5858806157,12256,11176
337766394.3359968,779143.1232570716,20421,18338
437485031.08846265,781483.9573286714,27867,25179
260533897.7785978,755309.4688697703,17902,16437
8269439.391106625,247545.99937631475,2055,1994
198049501.9816863,733648.4215672876,9718,8970
316758933.2216997,695034.735158453,13430,12266
365985086.0968432,858045.3059294876,37420,36503
223883037.23177382,845690.3728416145,20375,19431
264133408.2811017,316063.0348051226,12828,11880
254022446.5709763,320850.7631681563,14126,13162
224796767.5171998,287628.284518406,14122,13135
199036174.34434187,787081.9044224219,10365,9626
212161616.66644052,800061.0584066446,10255,9476
155940667.0178739,739361.429444516,7756,7065
193724580.1308811,225077.92412940448,7379,6832
241607305.5864392,177299.05629076593,7111,6567
162639023.71312052,170926.96105425083,9791,8872
166153603.32684484,652201.957102867,7202,6593
203049656.2741021,144640.9067888363,9853,8925
126463666.48163828,653761.7448744795,5960,5399
162052314.9069064,125470.0572770251,7490,6699
279919007.0087968,682512.8079112949,10062,9153
218076295.15354192,158069.59522716905,9598,8934
209190134.84750417,134476.54279107592,9316,8425
196739991.0669136,642680.6685495607,9024,8291
211739627.87819752,639808.5175351996,8920,8127
146599354.88180515,619969.0342388438,6864,6321
157694321.76857948,81772.14922908242,6178,5663
186701659.85539043,577136.2138224555,8211,7538
350706040.35527,691648.534800041,35042,34051
281731212.5009167,747781.3217775187,122792,121502
170202114.2826584,729721.9188729114,19863,18898
191063659.79968908,700505.6602650052,13712,12608
209946406.93536755,163305.05729733585,27273,26527
109715823.55342323,733705.8865058119,2680,2504
111323376.03736222,63340.09752470764,243,210
301750632.57062083,787901.1992303692,27890,26001
230709737.69821846,829607.4251884829,14253,13064
165572150.91677424,824031.345720258,15136,13949
144214088.1314043,822555.8112720186,9340,8839
110765504.50817999,819047.3540130034,9832,9149
143142591.62698433,791249.5123140551,3582,3249
272940507.3715202,882660.1096817512,25918,25338
110213328.05061167,824893.5702825043,1751,1371
202717253.94213778,933209.0237551142,26429,25437
177183520.9832071,937673.6685342657,12215,10988
180708735.0324991,947516.7151807651,16369,14537
117026161.12890936,155083.5075477587,12424,11132
102131026.223291,156616.79199332948,8551,7737
142267450.72654366,163776.67788044416,12357,11199
170222386.11583254,988009.48525034,12682,11598
128086582.26805533,149936.01023786658,10706,9732
122940379.50250405,159504.3277612268,14057,12714
128430500.73743379,164120.67591045162,12570,11366
91384762.3639089,159022.22949038993,10429,9371
87835461.77548826,193408.2218409553,10187,9249
92699507.43535092,1019730.9228270545,8427,7700
135912080.39895186,1030783.5734736014,12226,11101
103770210.87681125,1015744.2352307984,9989,9117
90649570.25405042,1013545.2740866157,10361,9532
73850157.7572451,130753.35444003994,8279,7588
91848443.08072972,141950.135800863,8028,7153
87394795.99688315,143397.1685749817,9135,8399
103331123.66998261,135010.84215560107,8648,7767
99788830.46034728,1003008.4668323861,9191,8308
141951966.11383936,163920.62132938916,10662,9534
177830138.25957435,1035600.2381721013,12600,11180
170281261.25140294,1034209.1133427089,15338,13789
84248371.15506707,1014377.7589991153,7739,7041
131572281.60629569,997030.7392291796,8617,7872
122716049.25700842,129596.89424439034,8799,8023
145755986.06835908,119214.95706297073,10864,9880
175441077.0337531,966129.5721990594,10078,9219
231413457.39933756,979647.5813748753,13535,12167
228925866.47950718,112914.21927447284,13537,12177
191150945.85027653,970496.8044927457,9777,8784
168462620.94098988,81200.11810183527,9551,8484
230333121.13646227,80084.58238601133,10677,9657
305340530.49822205,952848.1423349254,15432,13876
264969389.3341509,94372.48325285556,13724,12062
248757466.94737676,101326.43759485449,10619,9444
239694732.26489806,972589.938943667,11779,10553
235249743.1297694,109447.46873732851,11955,10481
275312698.24356115,119458.84729667277,13323,11443
308543844.05731755,119558.74305292775,13822,12277
260635964.00791445,978396.2535356339,10929,9854
293592373.9788396,95618.14270607234,11523,10361
409383843.2828174,982363.0524618461,14311,12520
458046787.694951,249964.79970555316,281594,280180
405497443.9471623,1141462.1706545055,64355,63044
273185808.0491472,1139213.797978845,9860,8805
270648834.2853852,124870.38715867737,2944,2671
353795398.551145,176933.44059044478,9471,8541
332731256.7249606,1109314.4539230121,14209,12557
301295744.0007892,1116596.0767331112,13419,11937
260213436.7131744,176170.4250502214,17740,15747
243215920.8802325,165833.5113615004,13287,11975
168312413.15748656,1072159.0430674697,10160,9203
278652815.6602464,157572.77026141374,12209,10875
199801531.18767527,145101.9031844621,11099,10009
219439688.5978782,137622.6085229822,11506,10386
208776347.517913,125984.395549113,10316,9405
183650430.9108329,1039372.3237693273,10759,9811
179052426.37043822,107174.68453151373,8150,7378
205661431.7947043,104541.6633948407,8332,7434
204456172.6653048,106834.51386222654,9254,8301
212196313.50874677,121306.25608594694,9850,8846
287073822.8539731,1060067.032731327,14562,12966
220294576.70136267,146063.77042120186,12957,11799
159515650.51421753,137419.9054757716,9976,9108
129916421.79387513,130440.68529559187,7811,7041
174705847.85803816,127941.73310377494,8006,7168
209294991.1725826,149997.0407152411,11065,9786
193572517.56519502,1086767.951302607,12385,11281
187412114.5293777,1067586.319851825,9898,8971
210653874.81833506,1052595.0060888766,10199,9235
176606533.06052184,136889.3005007431,9335,8427
173681183.5256209,1072359.636551092,8811,8020
126041223.36468826,145479.46844507277,7759,7040
171663677.8732967,167032.23481480012,9199,8352
210086954.84336886,1095109.4313919134,9178,8320
143487114.87809342,1097591.9776825586,7625,6987
140781871.85517976,168040.19511258078,7882,7195
158433708.59478262,163350.52564332675,7368,6738
117826401.96145053,1087094.083243481,6341,5783
126002188.6887464,160122.4119194227,10712,9558
157625221.19143945,157787.76564307234,12176,11149
123068261.56083189,1073540.6995057291,11517,10469
170191798.82537508,169304.53324543245,12892,11624
173012958.74055406,1091088.1821115161,10864,9891
124508893.45540251,169269.11514604633,7793,7063
90021963.47740304,159022.41161567878,7074,6400
65785869.83609045,150968.98953508635,5547,4993
91193259.91218998,143510.4157771758,7489,6808
136535738.98477137,1062565.2536118303,9193,8173
130651086.28897023,1051220.3918764563,7238,6610
123021049.88686606,1061552.182654316,9047,8206
140195317.00423485,1072904.6420778006,11444,10199
76007583.41693075,1068951.12720021,7917,7202
156368917.28325254,143689.65289150522,9996,8981
109388652.06118798,1086638.858010797,8692,7905
48113720.15948522,1091699.4268043728,6200,5771
106005139.3593678,1101027.4866479088,7892,7165
94063169.45670526,1100384.8228414243,7812,7058
127961147.91915184,199847.56865119372,10002,8981
88222445.3979995,1121339.642617137,8294,7466
94760420.11373265,1120459.235879368,5883,5282
86346683.35323596,182762.21278905682,7846,7196
86426459.47641866,178131.44106755534,8281,7399
94590055.24295239,1099708.3852002544,6114,5573
110858945.78731215,1091379.6853379896,7812,6857
113839687.66657199,1078727.0991953902,6094,5517
74885043.8530549,154365.55024104618,7032,6355
47695922.41376941,175983.9321617032,6159,5399
111051746.91395153,196713.15991697225,6183,5541
150419761.78027079,1102123.9274679224,6826,6141
68652370.01419319,178733.1837537928,8237,7641
67482461.42210756,176721.4180687322,6700,6064
84815731.17164719,177506.12057516264,7457,6791
75234293.47066332,1101234.3949101095,6453,5486
47758513.91893058,167772.37817435837,6441,5277
80940808.2240118,163684.67239412369,6606,5755
128185811.4525862,162775.19370994752,7259,6363
134498460.3368267,1111373.3421210556,10286,9324
102515682.697211,1107166.5316087871,6298,5618
99001243.37720107,166331.2077478686,7520,6661
47837346.45092862,1085130.2770966867,5547,4953
72718936.3712316,150400.5464526334,4601,4094
109994582.8350084,173723.47859148498,8964,7920
153454873.09823102,227325.33376615503,12623,11638
114383863.29971789,1161921.7125140785,8394,7560
74247113.98649001,240291.03891524946,7798,7051
68531949.34136964,1138618.249210147,4369,4052
59407717.88634504,224164.0665397842,6268,6224
67445555.06560962,1161510.2938792724,5474,5431
84228211.81107593,253757.76359030989,9293,8501
92770512.98875555,1170882.2816591563,8540,7731
90002407.15672691,239975.61147731307,6549,6162
74868235.23240606,1169135.234129771,9762,8939
101114534.97374654,252970.23534064792,10194,9243
60854569.69080953,247855.81844746092,7248,6598
49704329.0601209,248291.70482194558,6011,5528
34166974.05387333,248599.8967536511,7563,6796
77063673.42564075,257752.48716747054,8594,7768
137938422.52741146,301515.1571093296,18264,17347
112819381.04240891,1276434.8466920005,11197,10462
72459859.65032285,273086.7525686645,7898,7194
74689591.68819031,278204.57250000106,9013,8197
44402227.41769414,1273791.2105578582,5682,5248
121698106.50440744,1312420.8207748546,8909,8087
132681591.65517105,292669.38144966087,13938,12657
83115361.5115158,1362270.637621866,10868,9901
74008158.08815232,301595.2206062087,8443,7700
78874642.10888001,1396042.7502697252,10593,9561
67134336.44348224,1377915.3944775425,6820,6220
20642669.807207987,308782.32409893395,5185,4759
60561869.6380823,327849.0795101729,6428,5872
58791120.66221929,1391717.9340015778,6852,6308
84346579.37385045,1414822.1555505695,7080,6467
48589701.69185091,286791.31644191814,6423,5897
60105194.58431093,1427696.6730576225,6931,6330
16722006.952242134,287357.013552851,5719,5217
33766604.96866836,300346.49315761303,5915,5359
54951575.12890674,319247.42554936564,7705,6959
72812799.31842734,338196.68753582716,9410,8519
101664383.50378616,1490166.3062782108,7159,6414
63978275.91006509,286703.17854588,6614,5959
57081995.69732581,1501563.4030555508,7046,6363
67543840.35089664,299311.4053498661,7012,6343
37410980.29401973,287576.1009006738,5710,5133
57033816.42258379,298178.7735763546,7150,6298
83732979.02456057,338767.0894346885,7850,7074
107358769.3449621,1542703.923379564,9672,8631
96758013.41665137,361754.78722814895,11275,10154
115846829.35156447,1602119.833611459,8381,7573
69459379.93568705,340619.46828261466,7020,6323
84078601.59317198,362991.0214416548,6969,6276
66731209.37980216,370991.9722747794,7082,6381
90308693.05294059,1715268.2143888157,7746,6954
114286263.04116425,1762531.9089359688,9441,8459
75742549.71796174,371652.06386095186,8243,7304
67215333.40610461,1787785.8089627218,7206,6347
37853276.717916586,420054.6854811826,5699,5033
47704074.44144347,1815448.194443742,4900,4341
69816627.06460157,411413.3840994274,6702,5939
65207018.21921803,396567.375971181,6841,6179
62842640.706937894,369884.9788718544,6225,5593
71338945.35946417,360050.0545286818,7966,7093
126030246.442883,389045.0313244276,12703,11022
64297570.358004734,1796768.0032871594,6561,5810
63573650.63757173,416727.3353817689,6006,5392
54890872.556541964,388878.4714661166,6286,5649
60670680.08974332,378562.84713442036,6949,6239
62472985.48891437,1776156.6680400227,7092,6345
51465067.07104069,375937.06244145625,6039,5488
57082183.93727787,1789587.494937709,7977,7209
53079061.38605687,403751.74153888377,6432,5636
35906139.18664274,1809645.3669373097,6283,5545
67023043.58598793,1815678.2049791734,7102,6374
49906845.12246422,415772.31854576623,6467,5820
38057951.16434741,413849.54069897626,5997,5331
59882936.890774526,424030.7218790163,5776,5146
37031797.23866585,1815756.2185509996,6215,5518
43126686.78461346,399153.76754788985,5221,4658
37614229.214835286,387874.6153527905,4935,4391
39261717.717615,391917.19197425304,6317,5673
54263091.9554227,1812946.5412193371,6560,6016
42688224.41363137,433446.353476714,6255,5597
135485436.14384174,1837417.7071555047,8767,7818
63562689.1633494,1877675.2068184612,7493,6772
31719184.01759298,389633.8193113587,5205,4753
36912293.45067558,1869157.3710395063,5170,4700
127490145.57852413,1859197.6356759411,7994,7020
58556835.71714354,398868.5362419132,6432,5828
67644832.17129527,1896621.0085978382,6702,6026
51199565.10222765,1898232.1246852677,6106,5527
32045294.153360803,412532.93970625027,5522,4999
58734897.3035912,1889144.555310793,5065,4576
431289108.7420106,1875126.2282781056,4844,4393
47609313.55023948,1345138.62746771,6195,5614
59205072.069837615,347969.97089074616,6382,5792
37348652.51422158,336452.27881014976,6133,5560
45840836.92218913,343510.26176876185,5872,5354
43989496.234939694,882102.3708336418,5849,5264
22701618.796185378,321782.19384229695,4598,4145
26083758.10184832,305799.60036318377,4342,3949
48673445.53351433,307191.03613795934,6959,6235
55674304.439972,327365.5762403462,5957,5393
25795732.829224817,318481.4722504817,6194,5605
59413564.039638355,307531.55495498073,6248,5641
44571196.52976079,302001.44002820086,6350,5782
26547471.50279678,294697.237587662,4991,4536
63677221.55300965,275006.5945181127,5994,5314
54124045.928243764,295403.30666383187,6307,5639
42111483.38958822,300963.5340737299,7523,6689
67275183.06419602,296128.21338446497,6641,5917
51708961.95645558,296864.4879701792,6200,5515
34860503.52226612,300006.7902450288,5777,5128
37791983.12269021,298431.93406816915,4909,4376
42131448.05462132,274263.64810083894,4412,3949
60434977.825507715,934025.3750325228,8319,7831
43660119.49702341,373029.8259137494,5525,5011
72589435.4879504,382409.9725181533,8875,7977
70446455.2730183,901966.0819961925,9435,8489
53885224.32722497,350761.0267447663,7143,6525
28315308.15043922,354753.1716726419,5412,4915
42482982.61443309,399429.4969657334,5141,4731
89486562.89116813,942499.0791946923,9556,8413
132041059.5232192,2023391.0741490382,12496,10896
73124945.37598327,1076871.6877063508,7901,7199
39978041.75212196,363541.0314071002,5464,5015
51969316.61518667,400738.1303301858,6645,5968
52938626.31245727,1147898.2203366195,5689,5092
56920934.55334226,372913.76539413194,9024,7963
61959584.237939976,354480.39789729303,7581,6878
37154747.07159716,1129950.8602515196,6801,6184
84813353.3432199,1139581.975577016,8519,7591
244202297.38652,1121801.117976262,7081,6368
38511342.27987009,1107079.266245228,6553,5924
30515430.522344127,1106760.0924414392,5412,4933
23540606.75834649,1110357.8095949562,4416,4038
37742304.390352026,1109873.968018582,5845,5338
35113577.19167111,1127827.406690292,5765,5220
37976545.91128295,1159785.3908513584,6314,5730
49552019.26856476,1171893.9255666395,7402,6628
72240389.11956505,1243979.9103770477,10330,9073
34413779.50839773,1257335.1236200985,6038,5378
34988786.25891602,1248455.763791672,5177,4642
37084561.707376406,2218631.554976197,5212,4721
18850634.17167786,242047.38541275728,5373,4888
23003055.795649998,1244151.3577109522,5237,4730
32350315.725307006,1257393.1453692166,5477,4868
39815542.14270674,1238589.2181067232,6294,5630
27030805.71078087,1235319.5491616912,5355,4814
23228208.491970815,187816.60177331403,4670,4251
32035427.423100553,1260945.8371761804,6469,5755
57288678.631040104,252277.113600661,6572,5834
69834957.7199455,1268346.345236577,8682,7625
62420873.39722506,1260478.0938175935,8540,7745
62309143.23366218,216647.1948065778,7590,6776
47111427.169243395,1320392.907593578,6726,6212
67896410.02182001,1335840.7380502587,7415,6576
113055034.55002117,1358625.8638641697,9054,7892
59222455.38679847,1307299.9283759107,4400,3891
47999473.020257235,200147.34065138496,5579,4991
53739937.34879035,142769.608666104,5264,4703
63118082.43928555,1241580.958974745,6464,5679
57072605.03793023,1245657.3763582886,5351,4545
35367402.225519456,130104.88696898769,4572,4059
27301322.791736934,1234481.7159723772,4736,4203
40765593.40909705,110547.73009728416,4014,3613
71235834.45862433,205065.26759830702,6639,5663
69276284.18418409,227034.082918571,6210,5516
66055726.0228367,1383915.6167831386,6817,6029
69514201.78210041,1399197.3477027717,6489,5759
57221515.568672545,257534.18875353155,6263,5532
52732169.40782075,266747.1358794665,6457,5758
68002307.98190661,1426365.1293125232,7229,6422
40581419.843591236,260577.09315230564,7500,6720
73791639.82644062,1447319.5307672143,9052,8043
51737037.016029306,1462833.340089334,7118,6423
35340373.55851369,234292.14367896412,4957,4493
30386528.744585328,224811.38249105663,5688,5166
37068096.50765984,1386244.4015995394,2161,2044
51038906.44414187,1457420.1637649399,9564,8570
36703151.42281777,1474347.9298622473,5388,4855
41669891.9154788,1462201.863867507,5536,4972
27467597.302357808,1450263.9471129212,5018,4471
28936061.46070797,246539.8047057106,4825,4206
29144698.63527701,1451588.6872434514,4738,4146
33208481.32552874,1466663.9156333525,4779,4242
17891303.968957707,1458584.4473227737,4966,4409
35422222.00065894,257539.67507716126,4956,4433
54011155.56896144,1494373.8436782986,5024,4536
28851232.87615882,233884.71122976148,5166,4622
15674286.33788288,1467870.4373547067,5014,4474
26414618.839904834,246346.20307033538,5803,5106
45803208.72570735,292946.5523302762,7934,7025
38046358.642211884,1540864.1562019065,5341,4821
28819137.718859177,248745.7030339044,5464,4938
39635440.4022384,1530193.1113299185,7366,6741
26378880.936983995,240415.41602605287,5529,4946
21363430.22337988,239260.4676331903,4422,3956
14318170.021280853,241052.78854223993,4387,3869
15861538.689967275,1516562.62003654,4802,4289
25214310.812129527,1523678.1318831048,5958,5281
37496547.89837645,1530853.783642112,5650,4997
17708840.798430305,249335.74946146976,4886,4359
59298737.74744643,1507160.3792492594,6206,5432
23051904.069071475,222975.25891443345,4701,4151
42092262.07916266,1472349.3047831685,4278,3773
38097893.07334402,218346.7262577078,5094,4526
29971398.61350377,193844.29923268166,4877,4289
32265925.533575054,206722.86574086995,4686,4099
28680294.528354693,225069.20481690025,4266,3705
21864270.932311956,1491276.7339269435,4622,4105
22968853.788613047,1492592.5965327697,4041,3544
42814125.53945188,1520150.1565964234,4901,4148
104302454.23398872,1583080.2817123828,9331,8412
93137175.85940968,1508270.0479946486,6541,5700
62581492.05026929,127782.87855074354,5541,4802
38442728.31223045,118766.97280575937,5245,4584
39615984.3562525,1464450.6471161165,5178,4568
45808546.12262387,136989.2737055161,4467,3998
73536970.71349114,1098308.4654891624,5670,4858
311742058.1090244,2194006.184176979,5083,4557
37668151.89074255,159662.28823816378,5501,5026
93566485.41019627,2322036.113432106,9461,8465
53166013.68536765,2322644.897727019,5611,5004
62806107.53505472,155968.1311307303,5442,4866
44088166.35281592,121107.71139519436,4468,4027
27846236.695727773,93054.97151505329,4110,3683
48691757.36268614,2279688.6806995748,5076,4578
54570475.42368385,2275951.2994659166,6128,5412
40880724.87781665,122901.46187369886,5234,4568
42106190.246819496,2279658.624572362,6078,5379
36932650.93899732,2268573.2414003424,5453,4876
38177124.27865338,116042.12920599917,5718,5100
27053424.80462305,2256013.7373372903,4902,4361
44729164.442487374,80239.72569720079,5564,4924
48433570.44781989,2297004.9551435187,7368,6960
39201429.23360862,2307386.0465355827,5141,4632
31434323.818775102,147939.12313935987,4847,4261
40254894.31731808,140430.07448585847,5795,4949
49379688.54691133,129312.84927205433,5650,4693
24447189.123755187,116526.61776869168,4473,3846
40228740.42782392,2280833.133381446,5875,5114
42955725.51590722,2264799.1027978626,7294,6399
51464939.165830724,2263558.877815074,5043,4328
51410266.95475418,99614.28099456467,6034,5363
42806937.612003684,133433.73989813446,5994,5315
24831342.4242204,2297607.90971351,4432,3817
35664342.19365108,138241.40037698465,4668,4118
51033845.68538742,103954.31802769,5286,4550
54172016.79949993,154504.95322503604,5446,4733
49491235.07227866,2334359.3404291812,6350,5427
35331938.54050341,2334450.0338427783,5599,4795
48788166.75556574,2311322.7765699197,5529,4705
41678860.59684615,157932.1323499355,5049,4315
36994664.80690418,171439.8578243024,5280,4593
53858478.10343888,180847.2564697728,6375,5508
115997990.31514776,2347622.073096325,9054,7535
121883837.12829621,123084.21528188686,10042,8549
77249020.74248762,2376082.919914259,9488,8629
73972242.85169491,2410391.4592676894,6470,5613
46113792.5901808,170033.02553985742,5142,4429
44963714.95103796,2424397.531264146,5287,4534
92225667.48677751,194441.54002409245,7140,5953
85290731.67479774,2424750.4343505646,5127,4398
72378241.4480832,122004.18912637915,5652,4831
78822446.49226087,2443408.852102912,7036,6145
54490213.778082944,135365.17449735437,4762,4100
30528039.747123353,132033.26489347193,4089,3434
37912344.88562787,157157.68854612592,4131,3536
55857784.25519326,2468020.080324925,4672,4031
39472531.77276389,2471963.7842999925,4381,3845
42689625.53750951,155365.87859606126,4320,3787
52534367.043647625,169439.6404475618,5191,4465
71836542.26720372,2505543.1399924434,5716,4969
50577029.022629485,2482199.7003663476,4925,4298
50362711.90295028,113037.0421998243,4433,3853
43951462.09903572,2436671.058012336,3801,3328
57182535.99426156,2459995.7459299513,6068,5383
79141140.15736747,2468267.6505341507,7789,7027
52483129.55668871,106099.86937223864,5241,4632
71702182.79906437,2485676.9641000316,5065,4484
33004471.887982998,2499012.796203323,4122,3622
42002217.2639223,174276.3275560188,3490,3050
57279572.9090607,68532.95744413481,958,893
65866334.01513631,2491984.693749156,7059,6129
41549144.50909735,2531400.8824173827,4526,3905
41571010.39836935,162603.68403766863,4216,3637
68181856.59121163,2543667.65160875,5377,4686
47136387.6923103,127338.61264220765,4307,3753
23505425.04132503,112691.08028698196,3487,3094
67679631.83578317,113471.14055731973,4677,3868
62608401.462979056,155110.30198858268,4434,3659
12035053.436887676,184172.28584062675,3736,3651
1638988.044973362,209572.2972229411,1026,946
1067803.1306221762,199948.49544334516,1048,967
1358593.7429331027,206994.6021565401,1025,958
849042.3260933654,211476.80985246596,867,814
591456.4408129269,2663892.699492473,1018,955
669399.3194105537,233353.08521898562,1065,980
162198893.23742443,2663889.109682569,7874,7307
421814715.922309,2051745.8919166976,10013,8598
191031477.8322873,2121741.9131029295,9880,8702
80554077.18815185,61447.689551566174,4965,4357
89268402.37972493,45282.2476330302,5741,5022
117173592.76293075,2140623.291274764,5805,5088
114572446.81047116,2197312.0921367877,7743,6622
112128211.21909086,2208244.2907732846,5392,4811
118936066.53049183,83789.95806731447,5418,4761
63627210.57470159,2226527.555476736,5421,4818
52376954.930551164,70734.3293714378,4596,4039
103284406.8426324,2255284.625271117,5250,4525
98631728.06637698,80767.1815701776,6607,5679
85158035.54902638,50722.64999704553,6371,5548
318023849.40198046,1625129.1318020462,5764,4973
143699443.96391946,77480.5559461394,7421,6288
138442192.05745053,1622133.9494153622,5791,5046
97019257.63543195,73745.14217392541,4839,4256
47216293.9799198,1646303.7134865334,4936,4326
86953370.99155198,76840.7147169457,4251,3695
179446924.26020843,1663798.7614852155,5330,4520
98973639.0605466,63073.39043781965,4810,4139
70415945.57345454,1672894.609284046,4091,3542
76228545.56083526,69013.20895417967,4542,3989
40913754.826989174,62018.68088130766,3398,2975
41961503.79328592,1659861.6674175235,3378,2831
70497677.99578704,1660097.0878414977,4467,3837
73560569.30545445,71516.68138062846,3585,3136
90277275.14993097,76918.39384186087,4501,3830
181569920.6624167,1820173.7628819384,12605,11752
93913611.16766237,1821154.838827851,5602,4739
81568384.14824821,47955.65560735646,3729,3189
126444867.05037357,1839255.622307061,4298,3603
84617696.9241744,1828493.150287704,4720,3982
118875716.64472976,1844319.498921909,3327,2734
115104071.88171637,44431.13031037251,2731,2363
100809993.9385193,51931.552122757574,3958,3347
95089403.30909906,1827053.594909416,4026,3284
183529984.37762454,1862332.857077211,10273,8768
88970683.01701759,46955.913354303186,4963,4173
133847726.72545902,1914560.8539165943,4615,3979
106641795.22443035,1903424.878224699,6217,5311
203922370.73396128,1928330.393252599,8749,7354
178827543.64134184,1953364.4501671107,7699,6399
123995250.51062988,1959963.8987496276,6679,5782
126472352.02409185,1955643.7219397235,5651,4775
94101452.49811892,37776.11481664536,4722,4052
126158895.38893124,1940811.7500709107,5417,4586
136831953.34805116,1993130.3499482474,5290,4511
100668214.1293401,78917.3794132778,5093,4382
89871257.98274918,2011815.3853270619,4343,3729
66073679.06602664,60319.294996029435,4404,3777
59367803.81377731,53232.38972083587,3756,3148
62165476.93907428,53924.59625849791,3658,3061
76952838.89495933,62219.98205471981,4774,4087
1391185710.5373673,2312991.2621910973,4547,3882
147929631.88566792,349482.2775307901,4139,3531
94322828.42452884,2276157.1452589654,5229,4533
97797496.34889881,2235492.558305472,3081,2703
37784669.074706085,301079.4776275541,2621,2189
113806612.15975915,2077804.4450824808,4419,3709
117871156.27772547,2318789.313638042,5632,4816
93509098.06710875,276703.1317526961,5070,4318
94168786.32509384,2289944.9546260554,4145,3506
130545447.41544594,2273610.656564199,5708,4854
64000968.36489594,184804.45579874297,2982,2568
64718124.57184724,2236014.337483537,2894,2487
31062069.88862029,160499.39757014398,2874,2508
44362396.321253106,2231825.4924612576,3590,3079
41756036.12632692,175645.64523757546,4117,3508
53324304.324910134,159871.05456740354,3266,2788
43939068.28324455,2200443.031911781,3017,2480
306566507.02648115,2241628.425797771,3262,2804
33327226.64509235,568238.872368802,2940,2509
17562665.120918643,567210.6937170076,2682,2297
41503477.77729564,2210217.365919699,2789,2307
51060203.35921294,570979.683928798,2979,2541
39638443.27852009,2223144.5681849793,3254,2756
41794289.54209243,558695.4814778512,3303,2820
84060289.65028627,2183063.0420357026,3426,2896
38225283.14560147,528702.949841526,3087,2587
32061743.550960153,496306.2990448621,2470,2109
57681708.28952046,2158785.0838127467,4214,3521
68390385.8303942,2143869.622501042,3332,2799
71763142.38076247,483251.2215090914,4084,3468
154728420.38764647,2308961.707461746,15132,14472
67790310.88173874,523399.19879890553,4069,3464
40654721.761151314,2316551.6499394374,2880,2433
32309755.55071557,2319087.9015907566,2359,2035
33826337.45143725,2304751.9334437395,2953,2482
45783849.88854792,2289155.2111733262,2947,2480
71670802.94309486,2303245.4749759412,3500,2949
52649392.98216387,2312373.2211350705,3407,2938
41281764.06242012,2294552.136820196,3324,2829
22878693.310694944,2279888.856880245,2038,1731
28062049.264656942,486922.0907341925,2093,1742
32892755.22470384,512615.2873386624,3115,2628
34796607.28293377,2287841.2941094115,2973,2578
41916591.2612392,2296900.5217875666,3359,2863
39915744.55408433,517407.39696840756,3417,2802
17178103.81711543,564793.8080023461,2599,2258
21955685.578624446,2354874.7735668253,2723,2327
19009292.649738405,2345268.702524511,2619,2254
30342399.450816736,2323648.8266727026,2600,2242
42836085.90104677,2314532.816456282,1883,1690
29956287.70081348,2313044.4904903066,2452,2126
44672432.33146249,2293816.901573468,2826,2467
44483123.63619613,2314134.2072205255,3046,2629
179391681.91873908,2333653.3148179483,2645,2279
20309175.88716341,127794.0529535346,2516,2175
46410916.24509742,118795.66880737427,3560,3140
40148833.260885864,117783.17846973978,3620,3154
39444540.113659225,127721.71633749615,3235,2833
40183982.183095686,2305102.9085889384,3087,2647
50163824.49797203,61931.66306760335,3329,2883
146482784.66465485,2233238.2232799036,2916,2459
43916893.06347045,240451.7304161332,2710,2157
45767770.61637854,229022.83172668773,2544,2097
42193994.58391889,2205734.587855641,2464,2038
77831166.2861021,2171129.7018848066,2640,2224
41352776.195130095,2166125.0926929247,2932,2420
50972227.0400416,2128645.15709635,2109,1786
29093525.93238712,109220.81860804818,1579,1283
44505330.279858574,2106555.134555165,1897,1533
222720974.39992458,2119878.46066444,2511,2081
132428539.21719912,2142662.036366784,3493,2851
255775979.91590703,2264861.078784606,7691,7109
79989081.43486987,2265146.80870159,3108,2399
78153384.49171199,457996.57035706413,2109,1681
26292153.39495586,2220470.4732159297,393,252
31615595.030376617,418365.16049217543,650,393
41029220.48884752,2165462.252337721,860,487
194004597.66054177,2297552.6101488126,4812,4039
62733647.823467575,2263767.0191570465,3882,3354
89833521.48081912,2293929.433228413,7371,7058
55403212.60015313,2244212.549648889,2641,2145
33441571.02574012,2237457.5958973574,2153,1703
34043185.53110167,2228866.3810027847,2191,1833
41680251.76335913,2233303.267352234,2987,2509
47667672.40692497,2238923.210750844,2917,2170
41869897.4035486,276803.3007726095,2442,2018
36126311.72310077,2261841.548844911,2422,2049
22953652.913135633,2271423.907557587,2383,1968
21875996.28315102,2267531.3285153625,2220,1863
25607402.14682036,2255360.7577054324,2196,1838
42966608.3934223,2264324.0003075837,2721,2201
50076561.54186636,281120.6499503742,2547,2113
52468742.855948865,2290968.2954948205,2923,2368
54811895.952645026,2277268.884862322,2723,2223
54149721.39888293,2265471.14696197,2919,2398
26811791.41616761,2269562.6219833875,2495,2006
21410064.28686878,292486.70055993425,2287,1943
29625912.98583848,2183498.495986173,2705,2263
35934721.81612457,303493.2717859794,2905,2457
44928836.66753293,293431.7620537409,2703,2273
41661586.30311729,2267917.6691320846,2626,2206
37687984.507214084,2261397.704965309,2654,2220
20554485.095598068,2267504.6710135876,2296,1987
43238817.568893135,265682.0681258367,2237,1914
38057793.40484457,237612.04276737885,2565,2209
33167368.39907647,2227726.076175409,2524,2085
67927125.93798731,2245182.4272394315,3091,2556
58859032.42966371,2233797.3756105015,2474,2055
58474751.900971174,2256441.8186149667,3282,2709
74718388.1861692,275943.8610702427,3410,2783
45070072.52168632,286730.7779360142,3068,2496
56306768.02950229,2273112.818535262,3224,2679
46966573.660344355,2260277.5210471656,2941,2371
49936322.74052011,287742.6326552215,2985,2483
33984697.06694699,2281590.864742049,2872,2409
33560297.07329294,285003.9773695415,2651,2244
22443118.36057836,2289612.2329200325,2227,1856
55165570.74378282,2306501.530474871,1984,1663
52539228.33214134,184541.31154845402,2594,2159
60875800.5975165,2295130.0422640326,6030,5396
45176181.70021615,2291937.4561765343,3432,2875
23672907.46220554,225921.11801241158,2398,2108
45282973.181744196,202225.31125785236,2960,2495
16862510.384180408,2292462.985894491,2334,2012
20220923.498689875,232486.13400699894,2473,2103
25823312.00345003,2304073.6312215067,2625,2173
102853812.5935089,2452047.077291261,10628,10190
73705625.12389529,2521292.440729616,5507,5131
27844669.06330215,249476.57098412846,2820,2401
42331796.41344631,2521701.1131322663,2974,2544
21491663.13145074,229904.4885831426,2040,1810
13493044.015826661,2508067.784556168,2182,1874
31867086.3999771,2499148.9660034017,2624,2187
36202727.911811,2503028.181728814,2697,2235
25774093.999604117,238466.1631317729,2801,2124
61488923.58946712,240112.95826434583,3386,2704
76095572.61437333,2527994.540506241,4066,3453
35760685.39115181,2524455.400556532,2794,2406
23627346.719209995,147868.2795033197,2461,2129
64855952.76315247,235403.50234693984,3939,3312
24608311.98234919,240729.72894788597,2852,2429
56682126.40125912,2514659.128034435,3161,2629
28954841.984780222,201874.9141845701,2515,2106
31143563.611148126,254579.62024526016,3443,3029
33776832.88586361,2519287.3690425195,2285,1933
33404498.37613705,233658.7417592388,2426,2057
18032668.806632966,226853.6428853662,2501,2119
27581780.66856543,2509835.919362347,2451,2118
43179798.097059794,203544.6245620521,2663,2225
27258873.212442763,195772.4261143309,2725,2331
38656462.56756595,2458389.477253864,2596,2243
20630659.039629728,2344451.849585729,2228,1891
16014467.494097156,164527.3598167398,2148,1814
27080819.00949956,190212.8299047475,2609,2207
27014134.907799184,180888.41860143578,3124,2639
21759828.374044407,2464752.240531255,2332,1996
22345104.82888664,179374.04169604884,2274,1951
27680447.108317126,168039.81339900292,2442,2051
15784464.4663437,162092.45898777043,2147,1820
14441491.31506838,166810.02204000266,2112,1808
34466214.574910276,169195.85537792498,2711,2264
37365868.7007823,142889.22234439588,3170,2676
141161590.4578916,2404504.916951928,3516,3014
48648340.360011876,331663.93178650714,2526,2192
20664327.178452685,137507.53126568635,2455,2105
12143653.942197382,359877.9031768584,2241,1806
16811219.21791894,2232313.291178906,1895,1627
41797851.7803341,2465712.3569717435,2581,2125
27172346.024821784,2467007.028223168,2155,1824
27756199.35560654,2501391.781835356,2115,1809
26161352.782970257,2508865.582175977,2240,1917
27748555.238765843,444717.0265445969,2297,2000
13249465.79062745,443868.8811996998,2031,1740
47732998.21519814,2451228.848164885,2190,1789
31759165.356538553,2440091.5372785414,2546,2125
25180419.72799285,383958.17366210715,2254,1955
20324313.874699403,358560.1469692461,1822,1610
22353940.272239443,2436008.095755659,2078,1794
31336771.040399358,377060.4216574949,2758,2332
24755080.309284966,158004.46665018942,2212,1795
24264507.448873542,341580.2991228556,2194,1888
57142789.701354,480063.1588350577,2964,2517
38915236.35993771,2576435.424380849,3077,2615
75129952.30078106,2578441.0476594865,3161,2638
46421235.28432345,386710.38657879154,2736,2261
36959793.990119115,385129.90590844705,2800,2274
30964423.994126018,361786.2559472749,2640,2188
24568712.317998156,2554198.2061630776,2260,1915
33309316.304465003,2568924.038239018,2533,2146
93341971.90304902,2590120.498352888,4357,3435
88651241.18599594,2536363.942641535,3818,3170
41592879.772423804,2514396.3114533904,2815,2377
58715389.5591276,2530935.7335542226,3561,2985
53714766.04969429,373952.08407740697,3145,2566
42082644.66477098,2600599.8229086916,2506,2123
32763665.480917796,2587921.7814340354,2512,2166
29366754.21650259,395384.3803647453,2788,2367
32648974.07070696,396266.4503466854,2546,2180
42719159.62052065,396246.0376942838,2681,2256
33762674.69416471,406193.38220883877,2627,2213
9126290.333289225,409060.0193742005,2012,1723
26414680.2253025,399809.06419138855,2188,1820
42690894.50239358,2572048.111785345,2734,2249
33106880.065133266,396210.3336680066,3070,2560
50498120.75282498,388596.6128600394,3305,2753
51577803.718465745,432624.77302206017,3496,2927
35512186.44912011,437632.3208079342,3214,2736
39424778.7275367,2659208.7670458313,2829,2414
50034865.36563972,464640.2595158897,3554,2980
50924434.304385066,2661734.5378286047,3237,2783
56650278.02297785,2607957.6228304906,3624,3091
74494594.35045032,441014.08528498554,4107,3326
102893150.85776953,2620063.9513844014,4611,3870
100768831.93981504,2609169.444978701,4373,3686
75702546.22614281,400626.0432006662,3855,3169
64806524.58082864,408440.0151360985,3954,3357
68855103.46697116,424766.5948232028,4234,3550
93276623.60570371,268768.5267451253,4440,3623
172867978.13611954,2617786.5487782266,6355,5214
134676403.85817963,2656578.3743768907,5505,4525
120240154.62516713,2658194.0137841185,4630,3816
188619743.8394832,2713409.607820663,4586,3841
104656217.75947383,2692740.747753522,4381,3587
148043631.3497504,2692230.4043636415,4628,3709
141103037.64234704,2725898.19301252,4740,3721
87586906.82875276,397337.9383861615,3629,3026
131445782.63755168,350811.87238112866,3643,3104
69689291.57715438,336881.2025819639,3542,3007
44467576.98404112,333338.8125977181,2759,2361
64588276.223389566,364269.70101516583,3096,2532
108841519.51986168,2669428.167526154,3484,2870
93827946.82018739,305952.0709098019,3742,3186
129898190.08831309,2646364.585793058,5083,4111
98975282.38511023,330125.809152365,3645,3054
87115613.12433669,195208.90166341705,3555,2924
49870137.63344209,356978.54577841656,2880,2405
156284793.3183877,230385.68377765236,2978,2454
80950286.28721908,266551.43962606485,3504,2839
78458269.19477096,264514.5306671273,2941,2481
60583258.406071775,2593117.5851536617,3141,2727
75798680.83553404,2599451.085337021,3318,2816
91139992.78927888,323710.1188051581,3685,2964
73656230.90901414,317299.0583980101,3549,2900
98633724.2225963,2592010.3175917044,3423,2874
165351433.58235982,313909.49848950317,5179,4285
122444957.39327732,2626360.280244372,3864,3269
111293595.41451856,2630396.0231723706,3655,3062
152549668.405883,2618352.1740798405,8081,6434
249028995.8806565,2663507.6268371157,9375,7536
77623354.56938073,2677485.621615626,4465,3661
115167450.42803757,2633902.4132908825,3874,3116
138145599.40946648,2597207.324582206,5886,4706
56882416.44717759,2629949.8101951745,4267,3525
68272475.96324013,2592970.9584230133,3851,3148
103357259.07371342,275240.91412223096,5556,4498
114995183.4119296,2608050.591229682,5117,4086
53296021.47051429,2585268.0133039197,3292,2699
57457033.158713825,210005.24863046012,3016,2480
88096867.9000152,267692.50469602767,6555,5991
294242577.8561367,2759284.193704328,7802,7100
102024330.40049729,2467831.625296925,3098,2520
55653781.26825058,2504497.7216344764,3509,2904
42567449.04107658,2733193.200157681,3305,2786
67049415.174856946,159773.37054506302,3345,2736
32415280.236439172,400941.0986893558,2701,2291
55939637.60308014,2725473.0293297577,3537,2874
42116916.95178294,2726579.913343479,3244,2714
49485095.70060685,426123.6140135329,3236,2680
71183325.85076651,2537610.6355031296,4281,3322
40635876.76587359,2745240.1322940844,3549,2919
21671534.64002594,428090.0376416165,2928,2395
19281928.76552351,429570.31701186567,2746,2299
74999586.84927467,388080.1051086749,4981,3918
84936573.45468353,2730564.6542427046,4618,3643
39641892.17453666,425762.59054701036,3432,2778
26537966.93725771,426611.4286249371,3323,2779
52584761.776407324,355825.4490794834,3809,3100
24766043.50764388,2677096.7404824253,2602,2174
34383273.1161488,385232.59368480986,2585,2137
43333580.8344613,2700318.3561692466,3478,2871
24110834.51533191,2735266.511027887,2751,2203
34078721.32025092,2668488.101407451,3221,2584
74567693.27525823,385493.4908977986,4672,3395
30527013.14088451,2700536.04395932,3397,2749
51674028.45475728,2696894.6441833293,3895,3005
33089433.04742297,2686760.450678792,3217,2619
57438873.26780408,2674359.4557445026,3815,3103
63839518.72146342,527102.7825576675,10829,10190
119185861.81585538,2905827.2119948193,2216,1539
61712933.01695036,400393.06834144285,2646,1892
55138235.25280832,2908795.425504025,2009,1432
34259296.870403565,384275.95359749574,1402,1052
36863050.412529275,411184.6821633758,1439,1048
57888179.532663494,2906427.367225651,1765,1297
41908631.388936184,2913818.183281676,1673,1179
91682208.74122186,2948581.439895679,3199,2332
89603346.40298879,2901913.304664561,2988,2229
49932318.006713696,2883901.9041436957,1764,1331
36812681.616272956,341209.8234059773,1418,1075
43989724.015118964,330285.1456212166,1560,1199
52922495.94358413,2829185.599262554,1884,1436
88974504.1393787,2838002.9013992627,1767,1359
85465602.39818531,185753.43317093235,2046,1505
118860303.54985912,2930494.2007891904,2748,1994
104349079.53225091,2943176.127226077,2453,1761
71359200.89506799,461977.8006849801,1847,1338
140875177.20541152,2859504.648495662,2239,1707
89008714.88157956,333199.6318227493,2134,1591
75857117.94311994,349815.6461431961,1950,1484
103288171.59877993,2838821.4438826246,2009,1500
115558754.4399508,2827102.0227457555,2238,1669
63288298.76425435,327583.32973021996,1694,1273
46011485.54194791,344165.3953866347,1579,1156
67764536.51627919,322839.5517223909,1817,1332
92718781.6782737,2859327.7307188064,2319,1663
83946547.9314046,336646.3737200813,1710,1326
76011254.68608774,2832425.82069011,1871,1431
116464608.99487245,2821431.925777249,2054,1576
76969182.73793817,2817997.0415622797,1927,1523
48839289.534186274,2805048.0712033524,1594,1222
53567525.34928457,288550.45198735135,1765,1326
61666334.487789735,2785485.034225166,2166,1689
95142777.86252457,264064.86914814386,2042,1609
58270607.35655236,2773181.9190336885,2248,1678
84993517.20327398,2758532.22449061,2702,1878
90095365.5045536,273405.8486798207,2581,1743
108002492.94409798,2846346.759335828,3633,2560
130147311.27801204,270288.9769779256,2361,1790
92845666.86730461,2784383.830767801,2471,1804
157949173.05337074,2766243.352437702,3052,2331
75515856.24241328,243815.29951867723,1867,1472
103422779.91872028,2798938.0802579704,2269,1768
211749143.005544,2981536.4147043894,7599,7111
47546399.50271359,264184.40302962874,1704,1317
73735827.60953613,251373.33014030024,1792,1345
63191064.91284308,2953425.8984515686,1951,1456
122799996.78794669,2904973.9828198347,2455,2005
91276441.43081076,220280.01807122686,2090,1631
102766621.4536139,2937163.463860317,2665,1963
76693914.82007174,2927524.54618112,1998,1522
39905998.25907095,218783.81964871456,1342,1050
51147383.24673086,214734.90504469138,1845,1512
148569953.97382358,204367.75559453777,2475,1890
73787954.83212504,199931.1365878928,2174,1679
55775243.860955596,209778.02612603747,1879,1468
88673853.44487908,2875002.39026311,2072,1643
82813121.82155983,2834475.0061700954,2014,1569
41391605.88628635,119992.82828681101,1768,1330
40365451.60813995,116118.02585077187,1582,1309
221462044.83441964,2831913.7539455723,4363,3363
71770889.37370439,2825480.8241793765,2302,1683
120364391.31979443,310019.9407501546,2847,2191
102591007.38978854,313074.5957871081,2077,1581
58603355.72658128,329219.9933439517,1960,1442
99642336.93773896,306158.2674948505,1793,1357
58773590.23503918,2802268.3530291687,1508,1138
70212868.33150667,303120.48795547016,1832,1371
53228503.33118753,296247.42549556575,1903,1461
70828061.05880901,2814805.063926031,2392,1730
68833019.71533959,2823145.120814019,2366,1749
74064757.33857618,2815707.256278451,2235,1686
46848379.655237466,2819167.0542435907,2058,1604
41797296.3576241,2818719.300579134,1878,1435
125312958.53768626,318887.62830633065,2990,1936
97879454.72588147,307810.9396775085,2742,2026
168715017.694361,423616.6866413854,3831,2818
103742082.81421225,2890014.91865934,2802,2148
87417629.3979849,2851184.901651162,2380,1855
47580448.93332039,338854.40702701564,2163,1679
61759882.51304171,2834640.000220458,2013,1509
129292132.42427063,2843051.405850442,3223,2356
91765592.92691396,2803337.262748974,2597,1985
79169107.67245987,288750.4460616214,2748,2132
89272544.7440566,310789.7145670109,2667,2153
58193967.14529104,2810731.6327716685,2511,1938
71268589.78512776,307763.6710140149,2232,1750
99019755.80428812,259237.34080792146,2581,1861
111514761.43609717,378535.91612358904,30263,29284
131581347.68375504,2923624.2178257727,3025,2040
145063627.73160335,2968970.6787191774,2718,1994
341634733.0617168,3059430.0667613554,4206,2827
173863147.9289979,3074223.8917504395,3175,2250
210421766.49857014,424859.390780512,3379,2425
290197949.7678637,3137882.168314185,3903,2791
429550642.6069167,3202791.2809080672,5103,3667
246198230.31747103,3157148.78436013,3957,2913
257597547.09966567,234526.95776565123,3093,2221
216165013.67566743,3129961.0161045925,3230,2281
228387579.01999804,3136374.4634758597,3474,2515
261022891.7890443,3151214.5317726987,3720,2752
341763025.6919055,253294.03822889,4370,3185
220311182.68762276,3161912.6994691277,3497,2668
233858537.28031805,3175765.486153506,3423,2530
265397529.06782073,3171768.234629343,3416,2526
225622859.48341233,3126021.5081223897,3139,2460
263690659.04097563,251362.09880879227,3219,2413
166967984.34939286,3105316.2468354027,3354,2585
171822861.9596915,230352.00656662942,3407,2575
294264627.547049,3055685.2920723273,4046,3006
293134787.6753216,171063.22060213605,4077,3177
637747233.256045,2956315.9877829296,3181,2500
392295938.6212433,600479.3133248426,4237,2885
316490288.63124067,704769.7597843966,6131,4698
206472150.61596182,667583.8785212676,3068,2291
200950168.4447648,654387.1489948437,2908,2129
281924751.496651,3122415.5753388093,4001,2888
268384037.9379414,3109723.6377915526,3636,2672
283443209.1462693,598028.0851211477,3569,2602
278318299.4486021,3011907.857004794,3218,2403
250272963.96335337,503676.61859760265,3835,2783
190922782.0506757,2992955.6008085073,3328,2541
117860176.82022436,174972.32929291535,2568,1980
205629508.03616542,3005049.285884676,3188,2341
229495089.57297277,2989423.608536983,3601,2669
182900006.73925138,507411.9572297776,3257,2430
210299672.42771208,2947960.030272536,3309,2455
291335921.0511226,528206.453303884,5802,4966
219648131.00836754,3009624.579636967,3049,2232
383688411.90298903,2968529.9854466906,3680,2544
500795534.75917554,2971177.1917613717,4620,3144
625671504.8803265,2941432.481306685,5957,4126
505822353.135195,2955780.862497835,5873,4063
597402724.8891236,2918524.166935086,5176,3843
460052354.5924559,2929996.8042162345,4974,3741
451560005.8606587,2979048.18531897,4585,3361
331284662.06943893,462838.8059572475,3436,2491
298376289.78159726,2931861.526301317,3591,2644
285432303.77208394,2911391.422728207,3186,2296
241670064.14488226,395873.7967906046,2928,2125
446157977.11086845,385921.08303847595,3452,2460
265315736.79105204,2868461.317031356,3032,2227
242843175.2596862,2904742.3549385113,3161,2319
249536930.09183124,2935815.9892611345,3454,2585
318395827.7043249,270397.33694298833,3815,2905
273865285.5158157,2982412.3441487458,3561,2663
294536445.1163518,2919592.944270353,3058,2315
529457306.38512653,350290.5370823424,4931,4319
404598813.5277288,2775012.6970190685,4985,4145
262563507.39767632,2635312.094254994,3197,2471
264463152.82183215,246650.48064712572,19610,18872
311689290.71588314,2729453.346020152,4509,3513
226411345.23905653,276554.10800728214,3475,2761
241852666.54712036,2731033.8790574577,3709,2951
233508968.7008043,275280.5979288724,3462,2663
218208383.8389515,2776134.986758395,3570,2704
169733489.23695657,283301.10366134567,2914,2254
158231789.38360223,253550.69661590466,2922,2209
177527029.96359557,2713062.9449325013,3492,2620
554464279.0143636,2686880.7802565354,3472,2751
161781528.03768584,587476.975299717,3372,2681
219696244.73135388,613252.280459203,3460,2600
221306173.95738623,572308.9584009522,3134,2458
98119934.26646028,587828.0390289905,2471,1937
92076536.79452862,587382.6019885377,2593,2038
135248711.10346875,593109.7446448244,2925,2299
135623297.31059694,590420.5359077157,3466,2737
161073873.2443075,2683586.0624793996,3189,2497
163019741.83745852,596711.5199185009,2945,2261
180020837.0976604,2677770.676701755,3349,2446
119145928.32265522,649175.7426035416,3345,2534
89070988.53542991,2738233.8254812234,2485,1942
215582845.0005694,2761983.99537078,3690,2785
140015713.67575407,2750119.4503435073,2983,2359
141621353.62703857,695460.3062815042,2834,2278
105430426.5245699,691025.2730342457,2814,2239
198099369.90631932,669427.7585449202,2786,2219
87270646.32578337,661460.0350958459,2092,1726
86319511.33408076,2732825.8810632546,2135,1701
155860420.71767753,650432.9518600954,2819,2202
164546672.89386463,635239.5839249043,3307,2566
277621945.2680358,715187.9066807781,4100,3124
421876128.49962693,2868630.5649802713,4350,3165
203400983.28861824,2897705.8778937943,3789,2937
119314993.47782925,2869270.53070676,2585,2017
104859056.98952465,633028.683043345,2349,1920
216191391.25491765,2863572.744879569,3271,2578
213820741.5603339,674585.6010982364,3379,2644
191791417.80393136,696502.604028645,3356,2660
133439630.69294456,2905528.828342492,2820,2226
258529122.26234487,2822461.6649210607,3097,2485
103512010.65896259,576244.1400263398,2622,2039
96914233.77236141,2837793.8874512007,2485,1912
236546078.15404546,2885734.750537786,3529,2798
213677571.67129925,2944649.1375114946,3337,2639
321823153.1535279,2635163.0038343375,1997,1611
446403977.36418694,2781744.244096605,5362,4148
595316697.7347862,2919431.0982064167,5759,4219
544743448.3427761,2995658.968850479,4986,3638
180029472.4221915,437156.7235654227,2752,2053
255541342.064931,2937139.5705961008,3138,2476
281709874.1014618,2926383.630743586,3334,2537
236192307.79279467,2975277.3713189247,3512,2706
292108276.46309364,2954785.249038089,3287,2594
297684854.1364498,2964784.1491431682,3841,3030
225750276.01228842,3003007.561978302,3181,2600
182412857.01105398,2981458.9604723277,2888,2331
311093812.9910394,2993560.1836714074,3429,2756
341388231.4571453,3069661.7852899022,4599,3526
467105573.3181352,3023822.4174020174,5219,3585
340898116.49299157,2963579.11437703,3578,2888
405022113.2979781,487759.0941775078,5236,3751
450527747.82298106,3112534.3956960198,4947,3751
622416387.5535873,3175265.653019486,4956,3578
601968092.4844747,3276104.104794669,5830,4474
707534427.3745059,3194464.086476146,6546,5251
375321923.9697027,3182194.902246812,4936,3852
601691534.4454135,3207909.624604173,6766,4866
300289177.6429357,3255712.53505764,5870,5085
240540121.9419581,511278.7039712916,3051,2355
255305781.67380267,3260669.6713330927,2872,2191
455961381.9815546,536863.3056312557,5059,3842
514146059.0291202,3261707.4566915855,5140,4008
387389590.2072214,3238920.0278846477,3744,3059
298052550.6085908,3260105.2767869327,4203,3243
295200535.9491628,3252712.3474866436,3483,2815
284031543.89697355,3228766.3992219884,2947,2422
198648486.78670266,3259112.6674670423,3000,2352
268450735.50925046,492311.1891337789,3217,2619
250963307.4007875,3219609.711795021,3691,2921
399612135.4358524,3256019.9245523047,4076,3115
215737860.8273391,3269952.5076992805,3255,2597
331700819.5529609,507568.47008122585,3581,2808
286120273.9712083,3194902.7105385023,2716,2166
222685188.96383694,467388.1539263873,3261,2489
233156382.7331907,424382.26457651064,3026,2396
229715349.7531031,430703.423462103,3282,2636
434350093.11402816,3184619.8842291995,5067,3783
700582347.8381964,3228664.195905714,6980,5265
416387389.1181347,3228501.5209092787,4138,3284
1211040893.4832826,3129971.307479793,72528,71035
283915409.7145722,3124768.70251984,4432,3585
358060726.00450206,3129472.898199265,4645,3847
510468140.2399315,3144594.6660723607,5408,4239
361523436.9095997,758416.863121123,6311,4933
410587315.0267578,3144584.396906973,5432,4354
273927208.0692351,686123.2974309953,5030,4008
375094481.93781674,3106606.094731678,5813,4639
713351051.9154046,3188029.9972727625,8492,6450
669826777.5843265,3282280.8631808795,8592,6510
519182580.4023392,850028.5425433739,6966,5626
623481188.6350768,3202205.383559433,6513,5181
487420045.79705316,3158393.8550715693,5937,4875
428013958.63427377,3199297.401797698,7219,6388
483203516.5326232,3209167.7361809756,7510,5827
1529780504.1346679,858162.6864280858,12072,9485
1971380621.0026028,3419337.33207045,13051,10493
1315949611.438601,3430900.3539491612,9124,7023
1426477227.278203,3366756.0712871496,9519,7301
1233461926.686412,3371689.347730109,10180,8076
2687089192.7515984,3421550.8928533862,13328,11282
933287809.088315,559233.8526318186,8154,6347
1183751992.820136,3546770.8127130177,9459,7279
1739162304.1913521,3510258.016567318,12830,9878
999341150.2253147,601633.675711102,7949,6352
888303134.7651275,3451125.0197975095,6613,5247
1202308217.9236126,3419313.6774337757,8089,6210
1106735605.78194,3511831.9195369543,7996,6232
937698102.4549247,631128.1000297007,8013,6067
900773369.5668615,638500.5686422274,6746,5323
877847706.559402,3477836.8145401846,6860,5485
1863244360.5592086,3643440.7679730523,10996,7953
1434600604.9533656,3588749.5964422724,7654,6165
1148390418.9288015,3595896.1817164444,7877,6207
1379575832.6449456,718369.7972183289,7886,6130
647532840.5187571,697410.7727323287,5487,4420
1048658041.3019211,797390.7512321132,7143,5316
1385596482.0322402,3721078.901457397,8658,6703
1439360292.0968895,798504.6697370255,6128,4987
1383358283.2860928,3633758.0712811034,6356,5078
897196063.4991257,3689572.12722191,7259,5578
1736999426.1754725,3652358.2526701344,10599,8264
1181170311.0247219,718686.1643327085,7268,5753
1259548973.0954194,3603989.8339265436,10034,8602
1020205891.8109778,3599421.4315434312,9111,7405
1822278315.6538746,900312.7941913276,12689,9291
1801361707.9449825,3820486.1636981945,11389,9039
1861260787.53167,3754481.4460883234,10467,8655
1431182226.4513345,885971.4687768018,10495,8674
1565042346.7195535,3732081.5861021862,8995,7508
1455084280.1467164,3658699.5933314515,9066,7706
1398165361.306237,3687828.4352418245,10000,8305
1654423228.5440307,3635888.5620494485,11013,9211
1653272874.977689,3650985.4822918316,12064,10287
1112773275.6474354,703240.5580403853,9362,7867
1544889263.4819613,3560207.190291569,11098,9175
1199289797.6756792,3665550.2408651835,9070,7537
1067157687.4283887,719273.9590376373,7823,6605
1678641779.9448674,3617350.8838485987,8881,7462
1074796443.665874,3638946.2107972326,8376,7064
1280498085.260711,3657821.679603753,9193,7700
1263448518.1546175,3756226.454954042,10710,8696
1583236882.391112,3801221.4494065847,15919,14341
2134607415.6033003,765083.4330714168,11826,10244
1420048785.1579907,3612592.567891406,8762,7605
1975956818.4996312,3626722.3659103774,11506,9488
4390659269.062665,3469718.2552302605,12566,10159
1444784194.941468,3373689.349465365,10222,8303
1168206971.5652366,3319876.6543301335,8554,7247
1322979556.322131,1057695.8664560087,8894,7162
1012872623.6667547,3270948.3725731443,7425,6385
1349778095.2361372,3242704.8710335176,7872,6631
1228212540.6129992,3343343.4363957606,13198,11978
1414014646.106875,1218178.8396401382,11464,10414
1036983399.0703931,3526619.4702932863,7619,6568
942311381.841825,3531790.074991615,6780,5880
1401406991.377649,3571619.8265108773,7067,5809
1276361517.6378243,3634822.66796447,6277,4981
1772665518.247012,3544687.44991409,6529,5448
1424112524.0310125,1221806.8483998843,7749,6316
1670188839.22256,1232575.9381201395,10471,9060
1313143666.961246,1219389.6781768547,7718,6611
1176992725.4970925,3497723.357429152,8448,7528
1391572629.9041991,3422670.90643078,8037,7058
1211969895.5287285,1146467.93640244,8131,6683
789902416.5014042,3430632.8526026434,7432,6437
1527642995.2153068,3402707.7781524975,7848,6763
1374939664.6400168,3515278.7284798957,12846,11609
1046894735.9571561,1230522.453137493,8645,7651
978069834.0634469,1208496.0838130624,7445,6620
853775790.8893337,3496793.711565037,6201,5368
878512013.2164061,1222371.4493829014,8451,7473
919492165.4537407,3534583.575301259,6749,5783
839744499.6608415,1208695.1984713303,8503,7458
987540206.8794674,1194966.3784194812,9389,8441
1011201856.1983106,3491614.6798793967,8205,7155
1026537383.7254294,1169542.4078397283,9330,8234
1000497264.7801999,3476643.970976019,6859,6021
483844153.91594774,3476202.345440119,6563,5710
899023816.7235851,3526165.310740936,9484,8243
1116309288.0596013,3489335.289193188,8028,6862
1362185942.8198326,1145436.48237634,7206,6260
1157039355.8548372,1101787.2949172866,8639,7546
1296576935.2928293,3369252.0659520077,9443,8225
3866614598.8519983,3682851.717922228,14984,13310
2203799815.078674,1338008.5157646767,9321,7660
911122719.4995795,1364986.2007554304,8345,7312
1455264286.3587778,1358357.7434899753,9281,7696
1821697099.1941464,3503857.8356139306,10070,8586
1629775102.6417918,3505910.241793274,9071,7891
1501924165.1557674,3554302.26254527,9434,8449
1340895643.7765126,3681317.715343306,8214,7211
1537442434.8035817,1428030.2241424262,9875,8480
1002025596.8744136,3766453.4961638507,9099,7974
1415328932.7233946,1428364.990679362,9132,8107
1970989592.18268,1434011.7799947506,10042,8607
2103071686.1639977,3761442.400657742,11376,10077
1624909999.3943243,1454396.9264317148,9013,7993
3121943717.092331,3291486.9237468755,11312,10116
1474049808.7066596,3308977.568790409,8797,7731
2697479794.94846,1079014.096646742,11437,9885
1619528726.3826983,3408080.5170568605,10531,9262
1727065722.220592,3389366.2188660633,12336,10882
2385041024.8949537,3463844.0884064143,11059,9546
4443018582.096477,3594890.265685151,13017,11003
3296895076.787629,1403333.2848134856,12573,11057
1375854335.3627183,1384292.3700239493,8387,7545
1338764762.1129937,1393015.4196683157,6673,5757
1957893644.2710052,1353731.9831791592,8575,7417
1788033971.5069783,1383601.4598678402,8756,7638
2528692882.2324977,3670591.982989418,11129,9851
2495574502.643713,1403978.3943599428,8946,7810
2145621418.7591252,1386044.7109246475,8035,7084
1772170570.674066,3806380.6712726904,8538,7664
1443329807.1914957,1496488.735029249,7382,6600
3138524638.852946,1528884.87298053,11520,9987
5518692118.213546,1578508.4541334673,12998,11391
2779074430.4645743,1572188.1151395424,10635,9178
2005986118.7257245,3892885.140279783,9519,8250
2069857856.617862,3855823.4296643967,8719,7844
1919699777.3397582,1541056.1367582902,5814,5180
3126459228.861206,1672889.2593825369,15106,13441
4844858631.7604685,1606521.8639246717,14081,12352
4056860746.469958,3912456.5725023127,12542,11372
3477643643.3417726,1619125.7535405438,13298,11831
4763899508.740729,1618269.0569418168,13295,11769
3223769165.350994,1630713.4930983034,9403,8456
2324610439.060449,1537297.9813414193,9617,8627
2245993573.228761,1535117.3757054696,9392,8226
4279233796.643275,1507637.0016833288,10735,9486
3202752636.151233,3753594.087927277,8203,7179
6740170387.503438,1696026.66003773,16460,13729
6987796785.061318,1525555.2233181815,10669,9644
2642614155.4293065,1430576.5440024235,8999,8031
3796074875.3656154,1346812.0115058818,7640,6800
5585133502.260832,1509236.4036793676,22830,20993
9355026337.006851,1520398.1156687022,12815,11685
7302455105.693129,1593402.6694758898,6448,5628
2963125530.942726,1584341.4032040678,7478,6649
4350836034.202254,4085323.9282737114,5630,4949
3152127232.528108,1729507.0912969331,6080,5416
4358774251.147726,1775057.206581974,5026,4533
2891543711.951641,4164585.647737063,5069,4564
1988852763.2854128,4128981.5031227455,5244,4800
1586936089.9606304,1807959.3910954862,5215,4702
1033829518.8268311,1832273.1361030897,5598,5027
2243231048.4405556,1741754.8386083688,5526,4941
3818485118.2559443,826132.9560120836,4970,4449
1499840837.9410582,793487.487444517,4397,4003
416123463.8978006,771999.8951339697,3870,3514
1349326872.0910742,1611135.3814790873,4970,4466
1465120419.9365103,665312.5515980965,6662,5503
1802072954.7219698,1681719.3297385187,9505,8685
1033577864.0513128,1645732.6953025924,5255,4638
916860252.4966903,1635365.92695196,5107,4531
668462684.146857,814936.9683719678,4827,4245
850205512.4720085,796674.5143967496,4200,3787
1274839690.629943,1630294.0543695986,5013,4379
811001002.0717357,1648295.5775084004,5026,4499
1095707490.3585587,1598977.172263622,4661,4174
2220052938.5022383,1566914.6328624203,5047,4288
1181739510.3906095,1581707.8035331785,5862,5091
485970197.759487,431076.8375936433,4291,3788
845052815.6097322,433072.5571367735,4839,4194
1569247587.0033839,442640.7690929956,7197,5991
2228005282.54356,437598.54671548685,8573,7452
1105060466.8667002,3912728.1564781056,5537,4889
1501736842.8601716,1694233.4083923227,5145,4625
955777538.002169,1679458.8961681807,5322,4605
535602238.68683296,1653012.0828671567,4571,4012
793076176.3354483,1607820.065805727,4744,4153
1259417822.232828,1587376.5443363565,7161,6168
797085655.4780719,1571051.8449611526,6787,6115
1370473246.4087992,1557358.2055298921,5443,4689
1058823818.9470809,1611924.386109421,5209,4624
2077908257.2982917,971776.0972029199,4886,4174
389151583.070711,948163.8834301678,4530,3954
761980441.1438575,944635.4466557615,5215,4579
544087036.2807505,921939.1092249879,5978,5396
1367428626.4062943,854344.7492902244,5135,4441
776438385.3776199,820518.3652412149,5611,4853
2627228101.699482,803371.6340117747,5423,4672
986233570.6723166,837623.7780859605,5141,4459
846790360.9186848,828470.0773049537,4453,3897
266801917.89661217,867365.7911556856,4182,3712
924109025.8075736,3140717.0614344697,5081,4489
631614577.3128203,832731.2747550869,4887,4298
2288253512.0972443,944217.95907285,5480,4859
1091407810.5025582,951924.9804447844,5554,4985
1113413945.9198565,1062968.6069967619,5739,5042
560397621.0679933,1065023.4637625704,6612,5980
544749465.9323413,1093262.8697499125,4668,4162
590540501.8058381,1085770.0911483201,5331,4766
973081037.1777807,1099664.0206984559,6181,5401
1689635447.466839,3436716.1662791655,5665,4884
1139392959.8446064,3490590.260677837,5159,4524
916201928.6617488,1193748.0453182077,5199,4638
1035306615.1027744,1143932.9608602428,4186,3601
488275959.5579554,1145052.5382558445,6019,5467
1679237618.2726908,3387741.3763524364,6215,5170
1316723766.3426845,1050834.5925764425,5286,4691
913360737.2163495,3290781.363471222,4971,4413
1124734017.4255283,948984.9055037511,4343,3728
1053608125.7225732,933173.5643692348,5201,4518
2420278997.872413,908805.9383732234,4215,3725
1003838431.9440196,892673.16396288,2685,2584
1017695374.4014469,932693.6841345732,7808,6597
1216039992.4546592,912234.5118929322,5501,4829
1504543767.4579773,3248452.4362676255,5884,5077
1766333475.9153292,944690.9934344037,5143,4180
1950529177.9771805,3172328.0805971487,4147,3549
1676899025.9323559,869824.7050301128,4954,4248
1106991037.304195,910195.5173690397,5024,4316
1860836605.3185189,833861.765758639,5447,4831
2128759061.8835406,690741.8581781011,6548,5983
1231612479.741254,2959893.4079227643,5998,5391
1313509800.5101228,655952.9358288702,5072,4345
1449002775.7235708,651349.5180662,5449,4928
1059044462.7287586,649520.0864754617,4951,4381
2708626057.1517453,682232.7993699516,4706,3928
2204414144.180932,627982.2112620973,5479,4746
1759005219.0444267,571724.8683432451,5119,4505
1507167340.4830618,555085.9869333376,4977,4385
1981465492.4612122,2828935.436682864,5119,4588
1358715989.62328,498379.75311211176,5515,4837
1275701042.7327719,422627.6057214966,4731,4221
964904225.5749091,2711718.874411442,4549,4039
3108277461.3593946,408409.10880186915,5730,4968
3634811161.6442266,956304.1076340948,5114,4580
1274360154.4448822,3254163.8965693456,4711,4221
1431043001.4532995,941045.4846478766,4938,4414
1732674332.5932918,873536.0249710702,4403,4023
1319193024.3817916,797535.2535443897,4632,4164
2364707465.952531,804237.9483206928,5072,4687
1697984744.5634742,3080286.4954730165,6190,5363
2131548146.1160176,782565.8123538091,7015,6132
2411835891.7930193,3096180.1799388244,6940,6181
1974502241.5791364,3053400.539476397,6637,5917
2305349464.867407,728790.0409233118,6110,5444
1692471677.3579001,3043563.806460619,4974,4510
1283671293.6469514,3071156.890805432,5483,5056
1826516701.186864,761451.4159290608,5697,5172
1940459900.169352,3003158.8974443497,7777,6756
2309001290.003612,3105713.2980037467,7100,5809
4430729330.588217,881725.7141077458,5446,4925
1603415192.7529156,833707.2863088752,6116,5681
2095188787.2260668,666487.7875620242,5102,4650
968695560.7496529,638045.9999135123,5372,4830
2186388708.031761,673338.0344654722,117359,116562
934469765.979607,665971.7364477549,6724,5993
4652480468.387781,242175.71491577273,5976,5333
1034973017.6223247,251992.98334890234,6261,5220
1379560515.6286972,300954.5038845498,4779,4355
837095121.5473695,310061.84332165035,5000,4574
722572671.8158699,331423.3441018467,4861,4459
2127131466.0074716,537662.1950833938,7247,6281
1552277508.7538252,570290.6430356641,6785,6087
1642632975.7244008,2846162.2353013945,6104,5501
1491857721.5378683,540075.9890656611,16860,16335
5119281406.906183,2871708.081067614,6196,5498
1008858722.155422,550907.9709746565,5319,4819
1371345215.8584738,290908.43325476634,6745,6045
1185949329.3844185,583017.6196298553,6110,5524
881467145.6942765,615884.1658379344,5659,5144
809380335.2913346,2903676.7794762533,5898,4921
1057691098.6754998,598537.5746018334,6108,5386
1516432185.6526728,598247.9151023715,6631,5919
964261978.1858903,614024.604026441,5870,5259
928561515.7299346,613329.2857544323,5964,5393
1204162306.8655522,518809.6398952239,3912,3587
2903719037.341615,570594.0295122738,7544,6865
1749289614.6860886,578240.8413858758,6499,5601
3310240761.6095877,539678.2696010317,8638,7772
2382250706.9043846,625043.3711093327,7495,6756
843645539.066525,2880832.648266497,6268,5712
1141452821.4754832,572827.4052546772,5410,4942
1503440660.0331054,2889133.067441266,6579,5968
1585416128.1089125,529338.5444072587,6030,5461
1783747437.7776566,517886.67951136874,6198,5544
2068785090.5305657,548677.133796543,7660,6771
2757655346.55502,529589.2943639817,7175,6299
1702224713.762959,577135.7764794144,7493,6779
1524078073.601192,579080.6499816427,5973,5435
1041668578.4637557,570480.717426989,6572,6107
1344951260.646204,529502.8001839676,6134,5615
1719074457.3473766,2857533.6843605335,8037,7282
3472623329.8983297,512976.9162378433,8868,7572
1328025214.4454682,513280.71739935543,6050,5516
1626365157.6946764,511690.0465128244,5520,5011
1140163978.4566233,498757.4192589644,5852,5271
1436663921.6952772,488682.25739162543,6178,5635
2134039576.112146,434858.62394772086,6071,5465
2051976769.4051394,447459.1118266878,7031,6273
1889774716.402676,458057.03767661983,7122,6412
1911929921.3289423,473376.28923273407,8415,7596
1344107095.9323251,475448.30901961314,6618,5992
1486814681.408167,469627.4174710719,6784,6050
1573692572.1513002,483413.98435379274,6961,6341
1969354552.7386618,442862.08024229144,7564,6864
3887931597.8537016,460483.39181702427,7669,7068
2546399238.30703,537805.2607227273,9316,8590
2892948443.9713836,2817663.5985694625,7813,7110
1422562219.6344316,497656.4223034263,7119,6373
1286142406.7535388,516942.9021084453,7367,6748
2142158802.9344864,472150.20147102245,8222,7403
2072395823.5885496,2744657.9594416865,8110,7387
2067927160.5080981,432873.92591617303,8116,7393
1580230098.850947,2758259.041628418,7122,6386
2084234694.9326792,459700.35041140585,6687,6047
527816810.00230986,445892.50888423086,6143,5649
1253418216.580327,437899.95690464426,6319,5803
1402332458.35879,425682.34734200366,7656,6949
2520765393.548209,404727.71611509984,8130,7248
1516129241.065307,371310.07963144005,6777,6133
1820862301.9633589,267955.63313316903,4138,3800
961511028.5869167,181872.62723905244,1360,1197
4185703933.4604993,2419516.477331491,2484,2370
4257315526.0276256,2801870.220917258,37902,37284
1985902152.3055995,774307.3384675772,6454,5838
1677526129.567735,749575.8305821288,7066,6338
2034519560.8761795,2720183.099468725,7025,6302
1626023458.2439353,738679.3545949765,7521,6679
2210805300.4658413,709995.1358595103,7270,6493
1431000568.2656105,706490.749186133,6306,5260
781283155.047773,703953.044319007,5770,5242
1601157017.770573,709841.0080936758,6277,5715
2357949130.972602,2715200.6353689823,7980,7254
2586731791.2982616,690644.8266136028,7870,7171
1646858007.593169,714160.8740420681,6681,6270
2205856110.407832,693726.3708120504,6285,5774
2912884579.0432963,703208.1650929732,8012,6975
2415421169.8422318,658785.055680304,5859,5395
2864951600.9544725,639464.402740337,6691,6132
2010209608.9892733,634662.944223863,8354,7906
1799054305.8585248,686164.8932064498,6382,5870
1466544085.8974173,647377.6203430899,4129,3892
1385124271.9838502,668643.2292739619,6011,5601
1559141454.8460693,764198.1709003281,5879,5223
561395844.7158166,2754157.742357478,4804,4565
2292200857.1990576,631007.85911666,6299,6024
1845227046.0456395,656430.9045288197,6371,6070
1526033474.3011403,632299.4950695487,5326,5083
1176992683.0828183,648403.3471419389,6067,5626
1963325127.8759897,630541.399110195,5968,5595
973115022.7335292,626556.8551085988,5423,5102
1098112794.401949,587281.6040628849,4496,4250
1252077163.0058527,553945.8381442952,5248,4976
1097205158.4723146,2571939.0384488567,5528,5214
1421006927.601402,2536363.8192583323,4917,4590
