transaction_amount_usd,usd_eth,transaction_count,transaction_count_sent,transaction_count_recv,eth_fee_spent,eth_fee_used,token_transfers,outbound_transfers,unique_address_sent,unique_outgoing_address,ether_sent_out,ether_recv_in
80037.9,2667.93,8,2,6,0.01026715,0.011465999999999999,556,2,2,1,0.0,30.0
0.10123875241512456,2750.91,799,798,1,4.965103887,0.0018018,18974,798,673,21,0.0,3.6801913699512e-05
56010559.90819094,2758.46,6082,6040,42,23.028226471,0.048006,28189,5460,4695,608,405.4974484801951,19899.51328511425
1463820360.6442935,2775.96,87231,84581,2650,146.117571884,3.175494,31537,19157,16759,60733,261887.1884256811,265433.2198814608
532775016.3980495,2947.8,83232,80885,2347,109.793413221,2.1423339,28473,18653,16444,57559,100413.91431814904,80322.57268844891
455912350.59637916,2954.22,69981,67564,2417,82.39192981,2.005949631022974,21606,13883,12256,49113,69386.60444768061,84939.19071868452
1431682567.7311778,3432.21,89288,86409,2879,190.865200135,4.534813689011276,24264,17471,15005,62659,209782.94807716704,207348.45347785956
2047638545.2058585,3241.09,101629,97535,4094,227.21635949399996,6.1891703035449845,30500,22660,19619,68152,305174.08791301737,326600.5759210195
1728291925.1386254,3522.18,114602,110743,3859,225.501132777,5.100357600000012,35721,27625,23485,75647,259906.47737859067,230781.65472670362
1128116450.7612278,3491.74,112814,108813,4001,263.31718595899997,5.901292424999999,38995,31096,26953,71059,157872.07563267456,165209.38254039327
1863881718.602246,3483.96,126897,123076,3821,305.810291897,5.880705600067367,44463,35653,30982,80003,262906.78898643894,272082.62495696044
820315196.0779328,3916.25,179790,175890,3900,880.648509955,12.46539798019383,43617,36634,31745,125919,107317.28887254582,102147.17230279613
841888819.0423003,3927.06,162541,158623,3918,662.0488347959999,11.457176514033684,38877,31631,27604,115285,108538.2210895954,105843.22942104115
1707489312.2782857,3946.42,200448,196517,3931,1603.917862365,21.889639399980997,43947,36624,32096,146348,217932.61405521084,214735.30073294794
1136115552.2915866,4181.28,193189,189201,3988,1827.123681435,28.662316460717477,41198,34315,30313,143226,139453.97946344316,132260.7950294362
1442865434.272316,3811.29,135787,131836,3951,1277.433868649,26.352948048000002,36014,28215,24784,95958,188621.05392162738,189955.6049713763
1904134402.818403,3718.99,111126,107153,3973,644.399733806,16.15501187622,36094,27408,24725,73149,246371.7776950421,265631.32067801163
1319247626.1294532,4087.02,120285,116191,4094,514.4950893360001,12.105307199999999,37298,28933,26368,80708,163381.5872174884,159408.03116692204
605508987.7168589,3644.04,112625,108672,3953,351.690944668,8.54945574,33502,25787,23546,76926,82765.34769597376,83398.85130207754
765365342.7011758,3586.18,94062,90038,4024,261.620051436,7.3294891556271,29715,22427,20245,63150,108806.19940925941,104614.58334597759
1039752831.1841769,3280.73,93938,89798,4140,295.14461077399994,9.097667099999999,31309,22799,20690,62649,162207.15131622693,154720.1274248389
950485790.5008264,3377.65,104297,100362,3935,311.16501337399995,7.7821516500336845,35779,27523,24681,68384,141703.3629996164,139701.1017912371
2124959564.995067,2442.89,89636,84539,5097,810.77929041,40.919273010000005,31595,24452,22556,53279,434411.83414059586,435442.9546526233
2555873156.6904707,2772.84,92006,90100,1906,425.594518438,7.498474200025935,34106,27111,24392,58475,454109.86169319425,467642.9825713397
902830868.2435308,2435.86,86447,84981,1466,391.8869352859999,3.681566700033684,31382,25050,22494,56102,191676.68696612163,178964.83932994245
699267247.9084804,2297.03,72231,70417,1814,131.01458601599998,2.119278000033684,26772,20309,18332,46982,146528.89434460728,157893.4457678337
636485372.9322639,2098.57,73076,71071,2005,420.52842877699993,5.3221749,28567,21404,19101,45502,151402.5537396306,151892.24840290638
1433497643.5917435,2648.77,78619,77088,1531,186.479205222,2.2017429,29788,22865,20357,50364,261967.03157161386,279226.67101175257
1291242364.3445327,2707.49,80225,77338,2887,133.864472184,3.2022942000000003,29403,21765,19568,52281,239253.5521216307,237661.3632961669
710750980.6572509,2888.94,86488,83600,2888,141.577812359,3.04601373864375,33622,25283,22676,54412,135311.5495140707,110713.28335101162
849280577.1980412,2742.48,80854,77964,2890,100.97253594700001,2.411361300032832,27782,20419,18176,53880,148459.29220773163,161216.83202947018
641800558.3925208,2412.36,88986,86088,2898,113.969016443,2.5383959999999997,29069,22062,19801,59023,140340.2796837801,125706.47884003923
457355265.4702819,2278.58,87316,84449,2867,87.064435599,1.9791702,26913,18400,16606,60876,99943.31911444737,100776.10503141624
478754780.953701,2386.91,66847,63959,2888,53.542666884,1.64080077,22203,15352,13808,45160,99481.41040025475,101093.7185127336
433848995.4654111,2707.38,68900,66021,2879,66.77074590000001,1.883406,22896,15994,14387,46566,74683.8395838559,85562.96561726516
396358278.6106388,2634.23,68305,65888,2417,63.721273589,1.43134425,23398,16415,14912,46264,79328.40962055959,71136.15824581459
594213639.4825056,2706.52,74848,72310,2538,76.520774683,1.7037696900000001,25992,19217,17468,49541,112166.8346942126,107382.12096933524
756546229.0871189,2856.01,80089,77192,2897,82.590636588,2.048206875032808,26309,19790,17939,53924,131866.79371956433,133029.41780879826
765716885.3724679,2691.17,73875,70988,2887,68.496889513,1.753164,26931,19739,17715,47958,134529.96334458326,149999.39948737004
195004979.34339836,2629.76,68018,65129,2889,40.858101270000006,1.2162066,24789,17057,15642,45277,43549.418464940005,30603.72834062337
210181565.30692974,2710.99,60705,57814,2891,29.902012575999997,1.0049024118,22335,14084,12904,41182,33140.355386579,44389.09522258214
295270544.2783665,2593.12,62968,60081,2887,47.58414395,1.377558,21982,15920,14376,41258,62720.647712136015,51146.25558519174
1555854385.7162852,2509.23,71179,68284,2895,78.69177183699999,1.85453037,27103,19858,17918,45079,114642.1606407694,505410.35974049714
1393543383.723476,2610.64,64528,61645,2883,51.842164790000005,1.4832720000000001,23336,16974,15449,41946,457761.48778128123,76032.28835157352
372524867.0200461,2471.56,66448,63576,2872,52.218946126,1.26476364,26195,19500,17993,41514,71847.97880851936,78876.6109323917
323627413.09849083,2355.09,69464,66589,2875,58.565086576000006,1.471128561,27215,19205,17407,44676,71071.10025609602,66345.05500696859
199936777.91327083,2369.62,65202,62322,2880,41.816986582,1.1638641,23854,16515,15080,42999,46670.02547228892,37705.012682888206
309930750.968114,2509.7,56011,53274,2737,28.181923564999998,0.854406,21626,13389,12087,37530,57996.88906458918,65496.25791238577
432398659.1623008,2582.12,62100,59297,2803,45.385578468,1.2071362799999998,23445,16283,14805,40386,80538.74047056909,86920.03726334756
539120748.8183122,2543.6,75933,73147,2786,56.80000034,1.248604200000003,28347,20612,18687,49590,105913.2973803506,106038.56172419108
401841592.2219093,2367.7,74541,71746,2795,61.963028932,1.23018,29297,21838,20017,46994,86518.16218597833,83199.95760196327
197538395.34154844,2372.31,66615,63803,2812,55.580454206,1.3340942999999998,25466,18617,17031,42412,49451.810382120006,33816.56320377241
705118940.5221556,2233.57,66309,63514,2795,50.971175779,1.3206169200000002,24244,17835,16168,42577,152689.053575953,163002.3912957795
165729961.76915604,2166.61,55834,53029,2805,29.339022719000003,0.9265620000000001,20292,14350,13048,36093,43359.33361680072,33133.41854863561
275165399.2621931,2243.6,53203,50405,2798,33.204661008,1.05050001,19672,13202,12072,34830,53417.69728720814,69226.89143724948
460739711.97333014,1887.89,62556,59731,2825,99.465500655,2.658894,24396,17392,15636,39265,119907.66496710072,124142.41844524325
829763896.284084,1880.83,70314,67478,2836,220.369391845,4.3392468,28842,20648,18530,43617,225771.07514027352,215397.92805729568
434597460.9342687,1967.95,58838,56011,2827,46.527501101999995,1.3673898,23169,16488,14950,37140,114873.67794613648,105963.97592427116
326395834.3227751,1989.01,57811,55067,2744,40.247338111,1.153635,21912,15354,14040,37250,80539.26368380216,83560.38102526171
620967887.7766342,1810.27,63543,60766,2777,55.060041633999994,1.5098706,23087,16947,15389,41002,147759.4392499642,195265.57236522814
251929910.15560037,1830.94,55808,53020,2788,27.710326752,0.9173534999999999,21063,14583,13230,35869,59942.661136207986,77653.27873926601
165072400.1493852,1983.33,53506,50735,2771,55.37976941,1.1464917004281159,19666,12331,11154,35840,37824.753379469716,45405.16809067657
441465577.0980366,2083.8,59997,57155,2842,46.093508501,1.3890303,21209,14405,12931,39918,114445.73091581144,97410.29034248424
744807730.4562438,2165.61,67971,65135,2836,55.22765971,1.4544663,24639,17556,15876,44473,169422.67704648228,174502.46665725185
446719866.3959392,2276.14,62510,59690,2820,76.023458266,1.80037746,23035,16491,14905,40434,105181.62994844765,91080.40419529534
366335594.7558199,2109.29,62993,60194,2799,46.74490825,1.323441,23508,17390,15810,39918,99358.065455654,74319.14097675687
966364044.9074854,2155.65,61625,58813,2812,34.443182039,1.0041213,23433,17352,15784,38667,202836.38794777068,245457.18703308675
126914152.16911389,2227.18,56644,53867,2777,24.890706717999997,0.8034369,21652,15174,13782,35968,35420.61833613856,21563.618308009594
151813510.24844813,2323.27,55284,52515,2769,23.244862546999997,0.7710045000000001,20892,14158,12819,35706,31415.640608235077,33929.11495114808
256435418.27307826,2196.71,52485,49700,2785,33.512683493000004,1.024212,20304,13890,12346,33088,55573.12773254,61162.9996001886
371172961.62197226,2322.63,70386,67546,2840,116.570870081,3.196277700030639,21059,15231,13714,47087,97063.68457889014,62743.5002167821
519074866.0380427,2317.12,67298,64474,2824,84.602487266,2.4260019,22013,15561,13954,44779,103551.59466509803,120465.66211834122
334360418.41831136,2114.51,63935,61112,2823,77.721377441,2.27031924,20936,15012,13482,42288,71905.92554355512,86220.7413524687
366062329.0882489,2145.67,62953,60122,2831,56.397321068,1.6888851000000003,21526,15694,14163,40835,80565.85150265219,90039.28772577012
268321262.5928466,2110.47,54285,51465,2820,28.610050461,0.9897258,18216,13358,12078,35101,66353.33786790712,60784.81742112643
90080766.77710263,2140.45,50083,47288,2795,20.244276246,0.7810341000000001,17022,11600,10484,33014,29250.91318109,12834.05342738142
380183967.00166273,2032.88,55003,52154,2849,50.951922979,1.739932110025137,18958,13010,11675,35930,91278.40837597106,95739.00878670589
504157159.3593265,1940.61,60100,57266,2834,61.390140732,1.95926535,20530,14159,12706,39605,118568.00318252385,141225.13369677003
369219346.10254794,1994.22,64698,61850,2848,95.369174629,2.7699042,22103,15402,13929,42697,81187.06155424798,103957.67979953843
690250588.3305883,1918.17,65200,62403,2797,92.109822819,2.6327826,22397,16023,14497,42717,189777.2080550135,170071.28729763423
383698409.74826247,1877.05,63700,60854,2846,92.877713131,2.6051361,22320,16057,14615,41348,115699.3106286311,88716.34678500332
227072323.0870053,1899.96,55356,52520,2836,47.615051239,1.675051800030651,19074,13386,12230,36062,54727.77812495328,64786.486957998626
255952966.7984768,1891.96,49078,46326,2752,39.505436798000005,1.5049041,14661,10353,9495,33078,59936.13106846342,75348.4239953206
611498432.8181398,1818.6,53880,51097,2783,50.798386718,1.6908465,19654,13577,12156,34782,180579.67093370523,155667.13035197597
306605958.19849366,1786.52,64317,61597,2720,73.71438865300001,2.02165635,25336,16866,15236,41662,84921.917122663,86699.98366685721
388209074.95659846,1994.98,59924,57313,2611,47.25056855700001,1.3411377,22664,15915,14086,38465,84646.15757750956,109946.80824500418
213324540.8648092,2024.74,58339,55788,2551,66.790662382,1.6841369999999998,20454,14107,12689,38698,57657.90976864571,47701.0700829941
304528526.6454703,2125.57,60167,57612,2555,63.314021657,1.5388380000000002,22156,16263,14550,38346,69806.69219931168,73462.41991907082
192769764.36886904,2185.98,56894,54395,2499,43.06707409,1.1228385,20250,15209,13649,36283,45824.00707529385,42360.58947584982
172630050.9277016,2194.34,48769,46257,2512,32.193132378,1.0871931000000001,16897,12077,10671,31432,40385.58786997705,38285.01510299049
556416008.9811716,2228.67,64961,62357,2604,90.660470091,2.2314075,25373,17811,15558,41075,136507.6452137308,113155.16219210833
518340952.87409544,2301.98,58994,56361,2633,118.19687932299999,2.5053697200000005,22716,15120,13350,38320,109852.21109359949,115319.5770514302
455262209.19274414,2301.12,59950,57344,2606,84.00379163,2.1572796,23017,15979,14270,38206,94416.92874488141,103426.82090430861
540192370.7037299,2383.24,61960,59397,2563,65.216407097,1.72941006,24911,17031,15112,39397,109452.23848025902,117210.77938773997
470120459.44760484,2470.76,70901,68414,2487,90.800098527,2.0839686,28216,19046,16735,45341,109482.11117251095,80791.51291384498
838107014.978478,2531.75,65887,63356,2531,101.19118153600002,2.12758161,22369,15812,14291,43810,153530.5220162296,177508.0935573768
316445589.5805715,2556.41,60195,57644,2551,74.34352129499999,1.9945107000000002,20458,14429,13035,39963,63001.12927195921,60784.01848625307
355188958.2341499,2608.44,58739,56185,2554,95.249953503,2.4177216,20801,13928,12427,39254,72081.57513812666,64087.536757929935
530207035.0930821,2508.21,60746,58128,2618,91.58097470999999,2.6242902,21976,14474,12917,40486,100183.25738216261,111205.3564472544
673361681.7894167,2725.72,63254,60672,2582,92.50757416200001,2.481423,21983,15075,13262,42359,123958.59825712132,123081.33313326976
540022842.0596576,2829.23,61432,58848,2584,138.46983839278343,3.6497702134010463,20063,13604,12110,42304,101833.28487246018,89039.44094327683
468415225.03613895,2892.36,69861,67229,2632,124.61440429398584,3.029050484645892,24651,17246,15197,46465,76465.2919500417,85483.8516683664
331516177.01995754,3162.43,72201,69572,2629,114.99459293912565,3.0406131000000003,23011,16059,14328,49785,55710.27364090797,49119.29634797955
269478417.49974144,3013.75,63317,60631,2686,98.72859092649122,2.926641002440197,19930,13816,12422,43444,53992.2877096772,35424.02668260531
868276184.8813133,3164.94,67023,64362,2661,111.15170067274806,3.0896822707146896,21474,14421,12781,46715,126945.95245020429,147396.1156083729
489445610.43065697,3141.67,70788,68080,2708,126.72842554168886,3.5404545546801693,24187,16255,14326,48316,78522.02913251393,77269.5118092963
537510090.4410856,3168.24,77791,75103,2688,156.48748023701532,3.7051443747708177,30004,21025,18528,50310,84673.17642204976,84982.56002502673
340692324.64144963,3047.29,65671,62987,2684,110.66810719069498,3.1365409556194144,26360,17798,15935,42069,61126.51811789926,50675.22199920469
540609663.791633,3324.26,72183,69448,2735,135.54563698179055,3.374267882446587,27664,19647,17402,45821,80981.71917526904,81643.8467526767
513464207.6788573,3266.71,66178,63453,2725,99.82995364941709,2.847278130871146,24085,16965,15294,42994,73666.35929824838,83514.4763678675
211561623.30217052,3311.12,61920,59251,2669,93.15310271656145,2.677930553911473,20908,14656,13054,41231,35797.443633336865,28096.834828987223
618016111.394844,3147.63,67103,64382,2721,115.1741605322185,3.1817534321149497,25443,17936,15933,42744,97368.88103433595,98974.4348556651
460277902.17391473,3011.96,68361,65618,2743,111.2336676015309,2.97259070426094,26091,18147,16037,43828,72740.98256039302,80075.75543543517
411496176.51315826,3013.52,68515,65804,2711,98.61502937233611,2.658615331362123,26528,18726,16643,43152,69073.20714344003,67476.79966360232
283456117.2821169,3184.74,69481,66733,2748,96.35672333478175,2.429851300924488,26938,19378,15811,43792,51637.804060586845,37366.672688572246
599602438.6276531,3286.5,77831,75049,2782,104.62529919753234,2.3911975320967858,30661,22246,19461,48784,91697.73392753341,90746.33685526077
192500093.2670663,3226.59,68807,66050,2757,77.86170986702204,2.090992722670908,26621,19226,17069,43285,34730.197898077946,24930.33947018586
326384257.51685095,3241.65,63781,61040,2741,74.4832837421795,2.1182266669493792,23159,16658,14513,40819,42406.75248122677,58277.8548998449
657138839.4515536,3322.71,74676,71856,2820,146.28018289678164,3.606804393417918,27372,19501,17033,48254,99671.45140613281,98100.4996373087
885102214.6042395,3172.57,79920,77082,2838,194.4793636415039,4.702467043338393,27925,19874,16941,52043,139241.97875256225,139743.8953508427
366350098.8340903,3228.86,77353,74514,2839,221.18928904028178,5.581183013823186,25557,18437,16068,51075,58494.49613348226,54966.632201004315
435885379.9435866,3093.62,73659,70853,2806,195.1478080988759,5.217673927177425,25201,18128,15658,48467,72176.8904225103,68721.27416899952
656448966.1911594,3275.87,75904,73112,2792,256.0898641265048,6.428046599510256,24859,18508,16322,49963,97944.23225174466,102444.9670117058
197058488.25601926,3246.78,67770,64995,2775,160.76743606930805,4.631022594863868,21780,16238,14542,44900,37463.09347397778,23230.420794318583
323673685.84478045,3225.3,70047,67321,2726,174.48395838920786,4.699364087138112,19674,14537,12665,46446,44230.63759065717,56123.96069315532
650337196.0890039,3228.46,68982,66271,2711,215.49436205346268,5.755287449438226,22979,16404,13703,45866,97415.10256810869,104023.72464022093
1184177703.1044567,3435.17,75284,72461,2823,249.97479135722324,6.488737583093787,25665,17998,15775,50251,174711.05216832028,170010.66556455955
864186391.5682163,3829.18,80845,78000,2845,303.03636084696586,7.22522958366025,26478,18807,16531,54680,117649.53677102146,108034.91566219306
1179169815.5674543,3787.7,79026,76177,2849,269.17626307995727,6.567449690485425,28630,20511,18331,51745,149736.88738196148,161578.6380206455
775887035.066244,3939.79,77366,74513,2853,337.03490642662734,8.896390381192713,27070,19484,17068,50843,112036.09679460656,84900.04321951704
840718878.8599638,3887.01,70354,67551,2803,254.75149796953298,6.982935644885908,25232,17893,15263,45999,97460.68964292888,118828.66357714612
370953053.8000177,3952.33,66358,63607,2751,222.9712812677024,6.400416931845552,23089,16325,14287,43561,45540.15278405231,48316.64910243432
417285849.8490702,3928.4,70920,68165,2755,249.81819250875094,6.525789588807615,26326,18782,16064,45827,43743.35765646727,62479.493847725316
949391972.5186995,3433.48,81729,78968,2761,373.0506249506851,8.187255934625208,32008,22762,19027,51672,138050.64505271157,138459.4766077319
1201194019.9341078,3499.69,75543,72815,2728,341.5017626172995,8.490769541397968,28785,20904,18168,47684,178479.16556354574,164749.52610174686
499329433.79868275,3424.24,76775,74152,2623,309.6714055719349,7.256794217744946,27555,20601,18091,50038,72085.39062962649,73736.58265457168
588296115.5203577,3209.41,77161,74340,2821,230.9896316701858,5.638116784746937,29483,21514,18517,49044,87209.80892465822,96093.70029365845
194877589.62345564,3266.43,71419,68668,2751,139.16767302700853,3.713872932622377,25972,18269,16114,47353,33372.17376586458,26288.553579725456
168338257.84661463,3405.32,65784,63069,2715,124.22281895013926,3.5624008194028383,21715,15389,13465,44459,30002.302966698553,19431.59982264713
492175033.5221721,3285.4,63894,61129,2765,153.98757984882508,4.618439015945517,23983,17126,14842,40733,80292.74125077743,69513.98959544285
401720896.4663321,3436.05,73004,70212,2792,150.37414475177903,3.8128716731347834,28510,20769,17104,45800,51058.58528877495,65854.99177393719
853652847.294592,3615.22,76497,73697,2800,171.0512627243228,4.032477640316979,28741,21299,18587,48444,121582.73484978541,114544.76148365819
528351534.7115194,3569.26,80652,77800,2852,195.3564942388714,4.715986880089023,29159,21605,18500,51312,83610.8965930263,64417.415917555576
1965309394.696099,3398.82,77620,74792,2828,174.70838879648673,4.402877453084292,27375,19689,17361,50244,277168.6021649594,301064.25356029195
387566066.09884405,3435.76,68793,65964,2829,112.72048608087908,3.209786022369003,22955,16873,15126,46010,68529.228442626,44274.36264023312
573837928.5956925,3328.85,63409,60579,2830,105.53869134416951,3.3366351011143105,19572,14010,12370,43399,72477.59888768052,99905.63514079554
623462851.5524557,2966.51,76464,73641,2823,211.0314268541776,5.142830909966421,29002,21499,18550,47970,110406.76617756794,99760.34991253643
730922665.3685473,2760.2,73579,70872,2707,231.16839735947792,5.712572502845753,26664,19201,16948,47989,122941.67565143901,141866.18804269453
664424945.52068,3078.88,72420,69745,2675,156.81451973479665,3.751434368131296,26040,18955,16747,47197,107069.53024620505,108731.32770236064
437583111.34816605,3154.62,73485,70760,2725,162.40336081676782,4.147587305841693,23878,17250,15137,48446,69998.04499825058,68713.78442911817
704606674.8781104,2930.86,73934,71198,2736,160.4318857349523,4.096589606784738,25094,18386,16090,47959,119571.06762161342,120838.46230411158
171097053.3267997,2925.34,64523,61790,2733,87.13027642874955,2.6692803244306713,19588,13939,12499,43213,30810.056189780622,27677.864300418696
265009235.64987487,3064.21,58758,56020,2738,100.36111550548551,3.59860522081578,17283,12415,10943,39164,43355.35418651522,43129.983192409476
476961324.74602276,2927.73,62376,59589,2787,153.91006250975383,4.8361691299638565,19347,13565,12093,42495,83949.18704065793,78962.46285397811
386958972.98694783,2807.44,64890,62079,2811,167.94360212120168,5.196980971074816,21307,15217,13491,43049,64666.343221673174,73167.04697970168
348685295.46590036,2850.87,63744,61001,2743,152.27344908421557,4.493614982604867,20700,15055,13438,42244,59919.478731952244,62388.90273261834
276730365.1721495,3000.83,66732,64030,2702,194.74911993650542,5.744259020838282,21476,15592,13814,44829,54195.91024278879,38022.03118413293
516620879.748881,3310.63,73036,70215,2821,191.90579082485505,5.103620972656584,25241,18438,16489,47534,78201.2979419841,77847.81650115241
250357649.4863171,3389.48,67588,64802,2786,124.85596001214286,3.588286365537888,22804,16394,14745,44791,41831.60292242933,32031.541125128726
271079262.2236852,3420.14,63186,60448,2738,116.63639884972582,3.50363322039129,19848,14120,12543,42555,39305.581483795744,39954.116137847
499648612.9994513,3384.5,70342,67568,2774,213.96010949823966,5.689976156422362,22407,15809,13953,48172,71514.187306788,76114.29932327592
505541320.0553707,3516.09,82356,79547,2809,291.2305155066729,6.9833405619400715,25596,17925,15806,57570,74404.13878833884,69375.26391619109
734356432.0319356,3576.08,103762,100915,2847,388.3907299384196,8.416316427511273,27241,19282,16843,76154,93309.94233511717,112042.40773309596
435855782.6680119,3588.2,96147,92457,3690,373.13361826202527,11.019933172520957,29936,19925,17289,67979,64482.124727344744,56987.07505750893
587556883.937302,3562.84,109591,104006,5585,342.08300213387366,13.920204843286728,27818,19017,16572,80915,82851.93927059612,82060.56983374254
151315372.55159652,3576.4,80543,74972,5571,178.38467194291235,9.191413997283883,24520,17451,15562,53987,23561.28382359641,18748.12579266478
198725779.09829897,3416.49,71810,66499,5311,157.47747509704612,8.606800126913708,21581,15274,13517,47779,26594.874973916838,31571.775330430308
409625461.75491405,3544.14,80642,75375,5267,241.2528120893695,11.441906425843655,24248,16715,14766,54638,52761.476200860285,62816.76330291611
412442861.39632356,3490.61,85407,80127,5280,215.5171480690113,9.780237141586925,27048,19234,16650,56940,65132.24612553153,53025.57196251714
571077692.7606609,3607.55,87727,82395,5332,242.33499116376578,10.783380396833289,25683,18942,16823,59161,77270.86947996929,81029.83120627506
3598876100.816097,3791.23,93756,88373,5383,322.02692685696337,13.810923202444936,26462,19056,16776,63334,473113.82684512436,476149.6314035434
652655634.3882437,3868.16,104694,99188,5506,394.48265510626,14.783138429398837,37410,28190,22172,64898,87275.00547705538,81450.08200336005
376928267.2251777,3829.61,84698,79299,5399,205.65377915671777,9.49584589610162,26970,19454,17032,55544,52131.6654124949,46293.04812887816
434515222.5268317,3846.66,79402,73983,5419,167.0932643290894,8.38197989771583,24330,17623,15268,52429,49627.27668314,63331.815757271084
719448722.1225791,3746.14,85243,79780,5463,237.90757305525722,10.486421213945839,28062,20040,17008,56064,95828.24167661686,96222.4350526509
566465520.5124049,3877.45,93121,87548,5573,203.96463533983763,8.543261904514427,31724,22771,19158,60722,71997.52706686655,74094.75536421701
714842049.5269006,4162.49,101795,96362,5433,252.10602065841206,9.090205078471566,33618,24650,21155,67076,98603.00429681502,73131.23399009995
1166992086.8820949,4062.76,100132,94623,5509,262.62191381490686,10.449288540722325,33009,23904,20718,66238,135144.72777478857,152096.47940508294
631297520.1566757,3971.95,104187,98594,5593,251.20903798766898,9.491010560519797,31892,23744,20482,69850,76769.39650283953,82169.54284853088
359551418.3236573,4168.96,104303,98618,5685,191.00684416968267,7.771938360116239,28667,21272,18769,72005,43089.96223878781,43154.908981770146
196333840.68198904,4082.08,112632,107018,5614,233.9500067753336,8.453963504573455,28591,20941,18693,79862,25178.284925825432,22918.23466271498
516890869.0047968,4220.26,116267,110749,5518,325.17018671075834,11.13946534983744,32415,23012,20577,82141,59393.23240573369,63085.20944495721
727556578.9231508,4129.95,139019,133644,5375,503.8350275202548,13.826739703722707,39599,29449,25666,97210,89007.71442092417,87158.23890130756
1004265555.0653468,3924.31,144406,138954,5452,685.8451471383221,18.823850506990915,42043,31327,27179,100773,125513.7576909205,130395.06578769021
821921203.5668865,4288.22,194904,187857,7047,1032.2382578312254,28.15524840580089,51226,39077,33926,141053,97377.38598937995,94292.16537852713
1283775771.212072,4417.4,184167,173200,10967,907.2497812269395,39.39394690024746,51047,40773,36304,124503,145705.84002880886,144912.11877321766
318976188.390564,4323.94,172085,160514,11571,771.8739063852489,38.137996717004604,46864,37645,33610,115404,40225.48855449646,33544.3113017837
506035528.32072216,4290.1,135802,124242,11560,558.7909150683189,35.15885402046081,39412,30715,27120,87918,56621.892255493825,61332.35783674694
535701344.38022333,4322.79,138279,126717,11562,609.8686859026943,37.65657672938605,41186,30435,26832,90625,64118.14290930337,59806.763084331134
1372211447.0275495,4593.15,154507,142931,11576,771.6968316388791,41.45570441423449,50567,37769,31672,99620,147541.10980958806,151210.60677435747
1070016751.0721332,4604.4,151465,139893,11572,696.3351342120761,38.18988369292124,50469,36831,31034,97705,118847.60059281444,113542.45046098914
686137863.4532228,4536.99,139443,128969,10474,579.9856190276931,30.974219066457263,46379,34153,29302,89957,75672.07662721396,75559.87747742873
651420734.8010805,4480.09,139521,129058,10463,529.2200686302057,29.01070249141989,44425,33703,29054,90112,75264.29189950932,70139.20106627495
792612564.6500043,4521.41,131281,119702,11579,394.0925275831185,27.372721317850942,37153,27958,24634,87118,84663.23787955327,90638.83927115952
239574896.25188258,4617.13,127752,116198,11554,351.7807473103843,23.279411026354328,37969,28681,25144,82525,30103.801488404588,21784.47028472776
835388733.4933293,4810.97,126913,115369,11544,451.99293209208395,29.855556095845806,41270,30091,26098,80385,84707.77706079611,88934.69701269202
692279479.0733857,4732.07,125573,114026,11547,605.7098902710125,40.76815802848513,41047,30380,26330,79063,74833.75427883955,71461.52010919483
842901137.855917,4632.98,135578,124037,11541,632.8025870341658,39.301920995129976,45478,33590,28568,85193,90647.71992494026,91287.26314339096
750082631.1857526,4722.68,128444,116891,11553,566.7835955577034,37.50184548768664,40932,31520,27117,80123,75946.80065456465,82878.83038242125
815289856.0221229,4668.7,138871,127328,11543,566.2869416354255,34.93767515854458,41675,32226,27705,89105,82120.39630758301,92508.48454193032
817130125.731401,4645.64,142710,131176,11534,514.5415967952358,31.09980115581234,38967,31115,28017,93329,89602.69095181322,86289.14004055833
372956310.62904114,4627.5,126599,115167,11432,388.05703030147805,26.46266998392629,34937,27309,24258,82549,40761.95520220835,39833.68188672545
667691476.2960297,4561.38,114821,103831,10990,481.9973240137773,34.351397890672885,35805,26644,23039,72640,73864.30976836447,72514.96060508165
961228563.3544726,4210.14,134444,122912,11532,554.4229937776568,34.27624777006777,52798,41938,29133,75975,110160.64321072857,118152.08827907286
715302438.3107228,4289.75,129892,118395,11497,495.21618690459155,31.603930595641426,48717,37854,26321,75213,87794.8855520307,78951.99673964662
1038026783.4405301,3998.17,131445,119909,11536,545.3926953591679,33.807459984568496,45986,35884,28448,78265,132255.92399749614,127369.55051722687
838891702.9049861,4299.27,124135,112624,11511,438.27625642948095,29.048357744810943,43114,33724,28550,74032,91587.56589439191,103536.65354402113
452163407.1232796,4415.72,115447,103908,11539,339.2801596644907,24.764078494597868,38494,30273,24826,69440,48154.8116791389,54243.75687214596
346581906.4705615,4264.61,108522,97030,11492,327.40828149035974,25.275802598331808,34703,26672,23189,65823,45400.68047709219,35868.628198393155
723388500.0446498,4090.46,110275,98752,11523,441.952243769365,34.72507141669766,36116,26704,23098,67346,83154.779068033,93692.934891925
729505741.3098066,4341.17,120798,109269,11529,486.8743830937426,31.66190472767101,44658,34429,30376,69757,90072.65516786346,77970.92324758826
831402029.2964468,4271.96,140206,128944,11262,536.6954636240479,30.026269231225932,58335,36273,31427,87750,90181.45010225542,104436.95205891809
398788347.39723873,4523.8,127945,116441,11504,460.73594868445355,28.881332969991576,50608,40136,32731,71384,47400.96098646408,40752.438234818634
962086805.7506673,4042.55,119342,107827,11515,385.1514493360426,26.37680944511691,47798,36256,29837,66743,113948.48677156957,124041.59516944965
349193387.6728835,4100.3,107565,96062,11503,324.80065632053635,25.985619224482345,36582,28173,24769,63325,46453.62299807522,38709.26451573682
288506813.0553337,4297.92,97187,85675,11512,323.25177877410533,27.367081812424473,32885,24862,21828,56660,34731.56693179507,32395.511528328356
688192987.6077214,4448.49,108832,97304,11528,387.599648352649,29.167491382724037,38413,28632,25067,64580,79094.63465348005,75607.96951281492
1598472951.2952607,4642.38,114260,102735,11525,433.8276820964195,31.561007135726122,40357,30613,26377,67760,173405.6485832671,170916.21892763482
1284994251.889871,4580.57,109698,98207,11491,433.1084638635848,32.5830896323291,40011,29693,25446,64315,140416.62430572548,140114.89292681782
919435130.2268828,4514.8,110827,99579,11248,353.37116059292583,26.020021219749626,40669,30592,25791,64686,99004.68022534475,104644.45821420576
1372251387.8315217,4219.32,108576,97349,11227,341.2036422634558,25.37624120535422,40288,29839,25818,63503,163952.17920524377,161278.2815873773
2515186834.0328293,4124.26,121981,110548,11433,530.2427506663718,32.96672762629726,49492,38572,32709,65152,297436.08713835245,312415.57935038226
1123525029.5994546,4201.09,92246,80757,11489,261.452244095858,24.25629027070311,30393,22685,19727,53769,133376.03428970533,134060.51898562428
1629151409.5701952,4357.17,97555,86046,11509,289.9339221921615,25.17470391885141,35593,25669,22016,55940,187607.8335949701,186293.43938042334
616628752.9983023,4309.7,99499,87983,11516,254.9361085487197,22.515847832029607,34860,24707,21271,59218,80975.23990032927,62104.03545487004
613953918.3903745,4439.98,100329,88918,11411,224.40982464961255,19.05511283082515,35377,25102,22026,59931,63565.12376095651,74713.40866269734
929858449.9082357,4111.92,99497,88288,11209,232.83045086581782,19.39645996830549,35232,26055,22420,58333,111807.01998713956,114330.27108570127
1539321785.256902,3902.49,105969,94485,11484,243.60184941089517,19.753787889359685,36164,25674,21927,64250,194977.78078385873,199468.27423662873
400556301.8218766,4088.68,96869,85337,11532,196.9928247173549,17.846271545685976,29905,21818,19215,59354,47341.49156463456,50625.65231110934
229110877.93278277,4135.31,91410,79885,11525,150.9688062496152,14.96404530614847,26703,19555,17382,56443,30573.996080582066,24829.559622081764
735539430.4736242,3785.08,92618,81089,11529,216.29148012183373,19.66591411789221,30266,21215,18541,55882,94183.50792112511,100142.48531379309
563813481.6852608,3862.18,99014,87474,11540,207.33615434598758,18.166196919836363,31105,22926,20251,60475,74458.18092505255,71525.04142223859
930590904.2122539,4020.19,100922,89386,11536,251.0904682374831,20.94063614541299,31153,23309,20771,61806,115895.13493577234,115584.1991783501
780751046.570426,3957.03,96694,85229,11465,268.75271675320175,24.16105279516618,28460,21280,18941,59857,97903.54180092861,99403.79389539563
634332941.4697938,3876.37,115916,104679,11237,263.0552313975375,19.679112914086183,29797,22343,19800,76332,89218.6785474831,74422.29005711187
505292355.52336967,3961.96,97005,85508,11497,169.4998743074868,15.216863027317308,28049,21317,18854,59626,56081.02332570124,71454.93249499601
168513930.70087177,3924.55,90509,78989,11520,134.98554365801954,13.442278522500956,25811,18872,16396,56087,21694.945417770352,21243.462985963008
486001797.5807071,3945.57,94551,83044,11507,174.59223655307716,15.847296588358894,29572,21076,18285,57597,65100.68541824969,58075.88921626625
590811522.2335815,4017.7,102713,91171,11542,194.27697964723612,15.875636697247193,33251,24842,21610,61457,71009.82250189925,76042.35218351318
451190871.2228021,3982.7,104116,93047,11069,231.31807903572377,18.02717458212695,33862,25169,21981,63376,55090.08272091666,58197.60433128465
1004261747.117623,4112.35,106665,95148,11517,237.33088856215,18.756503802384287,33362,25103,22094,65154,129684.4269148024,114521.86562294922
